,filename,total_duration,nod_count,shake_count
0,483_EventToErase_FACE.csv,80.6,140,68
1,483_MostProudOf_FACE.csv,24.633333333333333,27,26
2,483_LastTimeHappy_FACE.csv,10.7,12,12
3,483_HardestDecision_FACE.csv,43.833333333333336,66,21
4,483_SituationHandledDifferent_FACE.csv,68.7,107,25
5,483_LastArgument_FACE.csv,3.4,1,1
6,466_MostProudOf_FACE.csv,51.4,131,55
7,466_SituationHandledDifferent_FACE.csv,13.233333333333333,33,18
8,466_HowCloseToFamily_FACE.csv,16.8,49,11
9,466_LastTimeHappy_FACE.csv,15.933333333333334,40,17
10,466_HardestDecision_FACE.csv,53.5,104,56
11,466_EventToErase_FACE.csv,87.4,240,83
12,466_LastArgument_FACE.csv,5.533333333333333,9,5
13,488_HowCloseToFamily_FACE.csv,47.5,75,21
14,488_SituationHandledDifferent_FACE.csv,21.2,40,13
15,488_LastTimeHappy_FACE.csv,20.733333333333334,41,13
16,488_EventToErase_FACE.csv,14.7,26,8
17,488_MostProudOf_FACE.csv,18.9,14,18
18,488_LastArgument_FACE.csv,22.833333333333332,28,11
19,482_HowCloseToFamily_FACE.csv,12.133333333333333,23,5
20,482_MostProudOf_FACE.csv,17.533333333333335,28,9
21,482_HardestDecision_FACE.csv,56.13333333333333,104,38
22,482_EventToErase_FACE.csv,20.9,35,13
23,482_LastArgument_FACE.csv,51.43333333333333,89,31
24,482_LastTimeHappy_FACE.csv,19.133333333333333,34,5
25,717_Guilty_FACE.csv,11.033333333333333,13,15
26,717_HardestDecision_FACE.csv,8.533333333333333,20,7
27,717_SituationHandledDifferent_FACE.csv,36.53333333333333,69,41
28,717_MostProudOf_FACE.csv,6.233333333333333,9,6
29,717_LastTimeHappy_FACE.csv,5.533333333333333,11,5
30,717_HowCloseToFamily_FACE.csv,6.333333333333333,6,5
31,717_EventToErase_FACE.csv,30.833333333333332,68,31
32,717_LastArgument_FACE.csv,53.03333333333333,76,42
33,695_HardestDecision_FACE.csv,15.933333333333334,24,9
34,695_Guilty_FACE.csv,2.3,5,1
35,695_LastTimeHappy_FACE.csv,8.7,15,8
36,695_EventToErase_FACE.csv,8.333333333333334,11,10
37,695_SituationHandledDifferent_FACE.csv,17.233333333333334,34,15
38,695_LastArgument_FACE.csv,28.533333333333335,52,19
39,695_HowCloseToFamily_FACE.csv,0.5333333333333333,0,0
40,695_MostProudOf_FACE.csv,8.033333333333333,14,5
41,708_HardestDecision_FACE.csv,21.5,47,7
42,708_Guilty_FACE.csv,4.433333333333334,8,2
43,708_MostProudOf_FACE.csv,3.8,8,4
44,708_EventToErase_FACE.csv,8.9,17,4
45,708_LastTimeHappy_FACE.csv,4.233333333333333,6,1
46,708_SituationHandledDifferent_FACE.csv,31.4,58,34
47,708_LastArgument_FACE.csv,4.233333333333333,10,2
48,708_HowCloseToFamily_FACE.csv,47.13333333333333,98,31
49,422_LastTimeHappy_FACE.csv,13.833333333333334,23,12
50,422_SituationHandledDifferent_FACE.csv,94.6,149,73
51,422_LastArgument_FACE.csv,8.533333333333333,19,8
52,422_EventToErase_FACE.csv,13.033333333333333,26,17
53,422_HardestDecision_FACE.csv,4.233333333333333,7,2
54,422_MostProudOf_FACE.csv,35.333333333333336,43,10
55,427_LastTimeHappy_FACE.csv,13.4,19,4
56,427_SituationHandledDifferent_FACE.csv,6.633333333333334,9,2
57,427_EventToErase_FACE.csv,11.633333333333333,14,8
58,427_LastArgument_FACE.csv,5.133333333333334,5,1
59,427_MostProudOf_FACE.csv,4.333333333333333,4,0
60,427_HardestDecision_FACE.csv,10.3,12,4
61,427_HowCloseToFamily_FACE.csv,3.7,7,0
62,697_HardestDecision_FACE.csv,22.533333333333335,46,7
63,697_EventToErase_FACE.csv,16.233333333333334,39,11
64,697_Guilty_FACE.csv,22.1,49,17
65,697_LastTimeHappy_FACE.csv,25.3,59,16
66,697_LastArgument_FACE.csv,13.533333333333333,25,6
67,697_HowCloseToFamily_FACE.csv,22.933333333333334,48,22
68,697_MostProudOf_FACE.csv,4.033333333333333,2,3
69,697_SituationHandledDifferent_FACE.csv,12.133333333333333,30,12
70,705_LastArgument_FACE.csv,5.2,8,5
71,705_HardestDecision_FACE.csv,4.633333333333334,8,0
72,705_SituationHandledDifferent_FACE.csv,11.933333333333334,18,17
73,705_EventToErase_FACE.csv,4.733333333333333,8,1
74,705_MostProudOf_FACE.csv,1.2333333333333334,2,0
75,705_Guilty_FACE.csv,3.5,6,2
76,705_HowCloseToFamily_FACE.csv,1.2333333333333334,1,0
77,705_LastTimeHappy_FACE.csv,6.3,4,5
78,702_HowCloseToFamily_FACE.csv,8.7,10,1
79,702_LastArgument_FACE.csv,9.133333333333333,5,1
80,702_SituationHandledDifferent_FACE.csv,4.033333333333333,3,0
81,702_Guilty_FACE.csv,9.633333333333333,7,8
82,702_HardestDecision_FACE.csv,1.9,2,1
83,702_EventToErase_FACE.csv,3.2333333333333334,6,1
84,702_LastTimeHappy_FACE.csv,10.7,17,2
85,653_HowCloseToFamily_FACE.csv,4.133333333333334,5,0
86,653_SituationHandledDifferent_FACE.csv,2.6,5,1
87,653_LastTimeHappy_FACE.csv,13.3,26,14
88,653_LastArgument_FACE.csv,8.833333333333334,15,7
89,653_Guilty_FACE.csv,1.8333333333333333,3,4
90,653_MostProudOf_FACE.csv,4.733333333333333,7,3
91,366_Guilty_FACE.csv,21.033333333333335,32,6
92,366_EventToErase_FACE.csv,14.333333333333334,17,0
93,366_LastArgument_FACE.csv,40.93333333333333,66,12
94,366_HowCloseToFamily_FACE.csv,15.833333333333334,28,11
95,366_MostProudOf_FACE.csv,24.1,36,4
96,445_MostProudOf_FACE.csv,8.933333333333334,19,2
97,445_Guilty_FACE.csv,17.9,39,1
98,445_LastTimeHappy_FACE.csv,10.033333333333333,20,1
99,445_SituationHandledDifferent_FACE.csv,14.233333333333333,29,1
100,445_HardestDecision_FACE.csv,18.4,40,0
101,445_LastArgument_FACE.csv,15.233333333333333,27,2
102,445_EventToErase_FACE.csv,12.933333333333334,34,2
103,383_HowCloseToFamily_FACE.csv,44.7,79,47
104,383_Guilty_FACE.csv,9.9,24,5
105,383_SituationHandledDifferent_FACE.csv,44.5,90,27
106,383_HardestDecision_FACE.csv,20.133333333333333,44,7
107,383_LastArgument_FACE.csv,35.43333333333333,70,30
108,383_EventToErase_FACE.csv,18.1,32,9
109,383_LastTimeHappy_FACE.csv,15.133333333333333,27,11
110,383_MostProudOf_FACE.csv,22.1,43,18
111,447_SituationHandledDifferent_FACE.csv,18.033333333333335,34,6
112,447_EventToErase_FACE.csv,1.1333333333333333,0,0
113,447_HardestDecision_FACE.csv,4.6,3,6
114,447_LastTimeHappy_FACE.csv,15.5,24,2
115,447_HowCloseToFamily_FACE.csv,16.833333333333332,27,1
116,447_LastArgument_FACE.csv,7.433333333333334,12,5
117,447_MostProudOf_FACE.csv,11.533333333333333,26,3
118,364_LastTimeHappy_FACE.csv,31.233333333333334,52,22
119,364_SituationHandledDifferent_FACE.csv,4.6,6,2
120,364_MostProudOf_FACE.csv,34.53333333333333,65,20
121,364_HowCloseToFamily_FACE.csv,20.433333333333334,25,10
122,364_LastArgument_FACE.csv,36.6,73,27
123,454_EventToErase_FACE.csv,15.5,38,11
124,454_HardestDecision_FACE.csv,10.3,19,5
125,454_LastTimeHappy_FACE.csv,0.6,0,1
126,454_HowCloseToFamily_FACE.csv,0.8333333333333334,0,0
127,454_LastArgument_FACE.csv,2.3333333333333335,4,2
128,454_MostProudOf_FACE.csv,0.7333333333333333,0,0
129,454_SituationHandledDifferent_FACE.csv,8.233333333333333,12,7
130,657_LastTimeHappy_FACE.csv,5.433333333333334,13,7
131,657_LastArgument_FACE.csv,13.5,26,4
132,657_Guilty_FACE.csv,6.3,13,1
133,657_HardestDecision_FACE.csv,23.4,54,14
134,657_EventToErase_FACE.csv,31.3,72,25
135,657_MostProudOf_FACE.csv,5.533333333333333,13,0
136,657_HowCloseToFamily_FACE.csv,13.433333333333334,25,9
137,693_MostProudOf_FACE.csv,1.7333333333333334,4,3
138,693_LastTimeHappy_FACE.csv,16.1,41,22
139,693_HardestDecision_FACE.csv,5.433333333333334,10,7
140,693_LastArgument_FACE.csv,4.733333333333333,10,9
141,693_Guilty_FACE.csv,9.433333333333334,20,14
142,693_EventToErase_FACE.csv,3.5,5,3
143,693_SituationHandledDifferent_FACE.csv,8.5,17,11
144,474_LastArgument_FACE.csv,14.833333333333334,37,13
145,474_MostProudOf_FACE.csv,17.4,37,4
146,474_HowCloseToFamily_FACE.csv,11.0,26,1
147,474_SituationHandledDifferent_FACE.csv,58.03333333333333,127,45
148,474_HardestDecision_FACE.csv,25.533333333333335,69,8
149,474_LastTimeHappy_FACE.csv,3.6,5,2
150,474_EventToErase_FACE.csv,33.63333333333333,61,11
151,459_LastArgument_FACE.csv,7.633333333333334,6,0
152,459_HardestDecision_FACE.csv,4.933333333333334,8,1
153,459_LastTimeHappy_FACE.csv,0.8,0,1
154,459_HowCloseToFamily_FACE.csv,18.333333333333332,41,11
155,459_SituationHandledDifferent_FACE.csv,7.133333333333334,15,1
156,459_MostProudOf_FACE.csv,8.133333333333333,13,1
157,459_EventToErase_FACE.csv,7.933333333333334,17,1
158,677_Guilty_FACE.csv,16.433333333333334,8,23
159,677_LastTimeHappy_FACE.csv,14.4,13,12
160,677_HowCloseToFamily_FACE.csv,8.333333333333334,7,5
161,677_HardestDecision_FACE.csv,6.333333333333333,4,5
162,677_LastArgument_FACE.csv,5.933333333333334,3,2
163,677_EventToErase_FACE.csv,1.0333333333333334,0,0
164,677_SituationHandledDifferent_FACE.csv,15.5,17,8
165,677_MostProudOf_FACE.csv,0.8333333333333334,1,0
166,683_HardestDecision_FACE.csv,6.033333333333333,9,4
167,683_Guilty_FACE.csv,2.1333333333333333,2,1
168,683_SituationHandledDifferent_FACE.csv,9.233333333333333,18,7
169,683_MostProudOf_FACE.csv,5.1,5,0
170,683_EventToErase_FACE.csv,13.333333333333334,24,13
171,683_LastTimeHappy_FACE.csv,9.8,14,6
172,683_HowCloseToFamily_FACE.csv,0.3333333333333333,0,0
173,683_LastArgument_FACE.csv,2.533333333333333,4,3
174,486_HardestDecision_FACE.csv,2.8,6,2
175,486_SituationHandledDifferent_FACE.csv,16.6,39,12
176,486_MostProudOf_FACE.csv,2.3,4,3
177,486_LastArgument_FACE.csv,4.333333333333333,6,6
178,486_HowCloseToFamily_FACE.csv,7.133333333333334,14,3
179,486_EventToErase_FACE.csv,17.2,34,18
180,486_LastTimeHappy_FACE.csv,18.9,38,18
181,440_SituationHandledDifferent_FACE.csv,26.433333333333334,40,19
182,440_LastTimeHappy_FACE.csv,8.033333333333333,18,1
183,440_HardestDecision_FACE.csv,3.6,6,0
184,440_LastArgument_FACE.csv,9.433333333333334,14,3
185,440_MostProudOf_FACE.csv,6.2,13,6
186,440_HowCloseToFamily_FACE.csv,1.3333333333333333,2,0
187,444_LastTimeHappy_FACE.csv,42.93333333333333,87,50
188,444_HardestDecision_FACE.csv,74.23333333333333,150,64
189,444_MostProudOf_FACE.csv,35.0,69,44
190,444_SituationHandledDifferent_FACE.csv,54.233333333333334,107,64
191,489_HardestDecision_FACE.csv,1.5333333333333334,1,1
192,489_MostProudOf_FACE.csv,13.433333333333334,24,17
193,489_LastArgument_FACE.csv,6.3,6,1
194,489_HowCloseToFamily_FACE.csv,3.3,4,1
195,489_LastTimeHappy_FACE.csv,4.7,6,1
196,489_EventToErase_FACE.csv,9.833333333333334,13,9
197,489_Guilty_FACE.csv,1.6,2,0
198,489_SituationHandledDifferent_FACE.csv,1.0333333333333334,1,0
199,442_LastArgument_FACE.csv,18.333333333333332,39,13
200,442_HardestDecision_FACE.csv,1.4,1,1
201,442_MostProudOf_FACE.csv,0.6,0,0
202,442_SituationHandledDifferent_FACE.csv,27.0,45,15
203,442_EventToErase_FACE.csv,19.8,36,12
204,442_HowCloseToFamily_FACE.csv,19.833333333333332,43,17
205,442_LastTimeHappy_FACE.csv,15.8,33,8
206,688_LastTimeHappy_FACE.csv,4.7,4,3
207,688_LastArgument_FACE.csv,8.9,18,4
208,688_EventToErase_FACE.csv,6.833333333333333,10,9
209,688_HardestDecision_FACE.csv,4.833333333333333,10,4
210,688_MostProudOf_FACE.csv,18.333333333333332,35,12
211,688_SituationHandledDifferent_FACE.csv,11.6,17,10
212,688_HowCloseToFamily_FACE.csv,9.6,15,4
213,688_Guilty_FACE.csv,10.133333333333333,16,9
214,420_Guilty_FACE.csv,4.033333333333333,3,2
215,420_LastTimeHappy_FACE.csv,1.9,2,2
216,420_HowCloseToFamily_FACE.csv,34.733333333333334,66,36
217,420_LastArgument_FACE.csv,12.6,27,16
218,420_SituationHandledDifferent_FACE.csv,10.7,15,4
219,420_HardestDecision_FACE.csv,1.1,1,0
220,420_MostProudOf_FACE.csv,0.6333333333333333,1,0
221,420_EventToErase_FACE.csv,5.033333333333333,4,2
222,670_HardestDecision_FACE.csv,5.233333333333333,10,4
223,670_Guilty_FACE.csv,4.633333333333334,9,6
224,670_LastArgument_FACE.csv,7.033333333333333,17,5
225,670_LastTimeHappy_FACE.csv,9.133333333333333,22,6
226,670_MostProudOf_FACE.csv,1.2333333333333334,2,1
227,670_SituationHandledDifferent_FACE.csv,5.433333333333334,5,3
228,670_EventToErase_FACE.csv,1.3333333333333333,2,1
229,651_Guilty_FACE.csv,2.1,5,2
230,651_LastArgument_FACE.csv,8.633333333333333,23,22
231,651_MostProudOf_FACE.csv,1.1,1,3
232,651_HowCloseToFamily_FACE.csv,1.3333333333333333,3,1
233,651_LastTimeHappy_FACE.csv,3.1333333333333333,6,9
234,651_HardestDecision_FACE.csv,2.033333333333333,3,4
235,651_SituationHandledDifferent_FACE.csv,3.3,9,2
236,651_EventToErase_FACE.csv,0.7,0,0
237,707_HowCloseToFamily_FACE.csv,2.0,3,0
238,707_EventToErase_FACE.csv,8.933333333333334,7,0
239,707_LastArgument_FACE.csv,12.433333333333334,20,8
240,707_HardestDecision_FACE.csv,4.1,1,2
241,707_LastTimeHappy_FACE.csv,6.4,9,2
242,707_SituationHandledDifferent_FACE.csv,5.033333333333333,6,3
243,707_MostProudOf_FACE.csv,12.033333333333333,27,17
244,707_Guilty_FACE.csv,3.8,3,0
245,691_SituationHandledDifferent_FACE.csv,3.533333333333333,8,3
246,691_LastArgument_FACE.csv,9.833333333333334,14,6
247,691_LastTimeHappy_FACE.csv,35.7,79,47
248,691_Guilty_FACE.csv,5.6,6,1
249,691_HardestDecision_FACE.csv,16.3,37,16
250,691_HowCloseToFamily_FACE.csv,8.033333333333333,16,13
251,691_EventToErase_FACE.csv,9.033333333333333,8,6
252,691_MostProudOf_FACE.csv,50.3,94,47
253,684_MostProudOf_FACE.csv,0.43333333333333335,0,0
254,684_SituationHandledDifferent_FACE.csv,3.4,5,1
255,684_HardestDecision_FACE.csv,17.4,19,2
256,684_EventToErase_FACE.csv,0.5,0,0
257,684_Guilty_FACE.csv,0.9333333333333333,1,0
258,684_LastTimeHappy_FACE.csv,14.333333333333334,12,0
259,684_LastArgument_FACE.csv,10.5,8,0
260,478_HowCloseToFamily_FACE.csv,4.833333333333333,9,5
261,478_MostProudOf_FACE.csv,34.7,57,33
262,478_Guilty_FACE.csv,10.2,21,12
263,478_SituationHandledDifferent_FACE.csv,2.1333333333333333,3,4
264,478_LastTimeHappy_FACE.csv,7.7,16,7
265,478_EventToErase_FACE.csv,8.7,23,24
266,478_HardestDecision_FACE.csv,22.533333333333335,41,27
267,478_LastArgument_FACE.csv,1.7,1,6
268,699_LastArgument_FACE.csv,1.5333333333333334,3,0
269,699_EventToErase_FACE.csv,1.6333333333333333,0,1
270,699_MostProudOf_FACE.csv,0.8333333333333334,0,0
271,699_Guilty_FACE.csv,1.2333333333333334,2,0
272,699_LastTimeHappy_FACE.csv,1.9333333333333333,1,2
273,699_HowCloseToFamily_FACE.csv,0.43333333333333335,0,0
274,699_HardestDecision_FACE.csv,0.9333333333333333,2,0
275,699_SituationHandledDifferent_FACE.csv,1.5,4,0
276,404_HardestDecision_FACE.csv,14.033333333333333,23,5
277,404_HowCloseToFamily_FACE.csv,54.53333333333333,81,17
278,404_EventToErase_FACE.csv,22.533333333333335,36,10
279,404_MostProudOf_FACE.csv,6.233333333333333,4,2
280,404_LastArgument_FACE.csv,21.933333333333334,33,18
281,404_Guilty_FACE.csv,6.133333333333334,8,2
282,404_SituationHandledDifferent_FACE.csv,17.333333333333332,39,11
283,404_LastTimeHappy_FACE.csv,9.533333333333333,18,13
284,491_LastArgument_FACE.csv,8.433333333333334,17,20
285,491_HardestDecision_FACE.csv,17.2,35,16
286,491_MostProudOf_FACE.csv,6.433333333333334,11,12
287,491_EventToErase_FACE.csv,13.933333333333334,28,24
288,491_SituationHandledDifferent_FACE.csv,12.733333333333333,26,17
289,491_LastTimeHappy_FACE.csv,6.5,14,9
290,491_HowCloseToFamily_FACE.csv,24.933333333333334,52,49
291,369_Guilty_FACE.csv,22.133333333333333,46,20
292,369_EventToErase_FACE.csv,32.8,51,21
293,369_LastArgument_FACE.csv,31.4,68,22
294,369_MostProudOf_FACE.csv,28.4,48,13
295,369_LastTimeHappy_FACE.csv,30.233333333333334,66,26
296,667_SituationHandledDifferent_FACE.csv,9.3,9,3
297,667_HowCloseToFamily_FACE.csv,1.9333333333333333,4,1
298,667_LastTimeHappy_FACE.csv,6.4,10,0
299,667_EventToErase_FACE.csv,4.1,6,0
300,667_HardestDecision_FACE.csv,3.533333333333333,7,0
301,667_MostProudOf_FACE.csv,14.033333333333333,28,0
302,667_Guilty_FACE.csv,1.8,3,1
303,667_LastArgument_FACE.csv,8.133333333333333,16,3
304,716_SituationHandledDifferent_FACE.csv,0.8,0,0
305,716_LastTimeHappy_FACE.csv,9.333333333333334,15,4
306,716_HardestDecision_FACE.csv,6.133333333333334,8,2
307,716_LastArgument_FACE.csv,9.2,16,4
308,716_EventToErase_FACE.csv,0.5,0,0
309,716_HowCloseToFamily_FACE.csv,4.033333333333333,4,1
310,716_Guilty_FACE.csv,10.2,17,7
311,469_Guilty_FACE.csv,15.933333333333334,26,15
312,469_LastArgument_FACE.csv,16.533333333333335,22,18
313,469_HardestDecision_FACE.csv,12.233333333333333,16,11
314,469_EventToErase_FACE.csv,16.333333333333332,33,9
315,469_HowCloseToFamily_FACE.csv,22.933333333333334,41,14
316,469_LastTimeHappy_FACE.csv,32.5,65,45
317,469_SituationHandledDifferent_FACE.csv,35.4,60,35
318,469_MostProudOf_FACE.csv,20.333333333333332,23,11
319,682_MostProudOf_FACE.csv,1.6,2,0
320,682_HowCloseToFamily_FACE.csv,5.933333333333334,7,1
321,682_EventToErase_FACE.csv,2.533333333333333,5,0
322,682_Guilty_FACE.csv,1.8,2,0
323,682_SituationHandledDifferent_FACE.csv,2.7333333333333334,4,0
324,682_LastTimeHappy_FACE.csv,4.0,2,0
325,682_LastArgument_FACE.csv,5.133333333333334,5,1
326,682_HardestDecision_FACE.csv,3.3,3,0
327,656_EventToErase_FACE.csv,19.1,44,27
328,656_MostProudOf_FACE.csv,16.6,28,18
329,656_LastTimeHappy_FACE.csv,4.1,9,6
330,656_HowCloseToFamily_FACE.csv,18.1,44,24
331,656_SituationHandledDifferent_FACE.csv,2.3,5,3
332,656_LastArgument_FACE.csv,14.6,39,28
333,656_HardestDecision_FACE.csv,7.7,16,7
334,656_Guilty_FACE.csv,2.033333333333333,6,7
335,652_HowCloseToFamily_FACE.csv,4.433333333333334,7,0
336,652_SituationHandledDifferent_FACE.csv,1.7333333333333334,1,0
337,652_LastArgument_FACE.csv,11.833333333333334,22,3
338,652_LastTimeHappy_FACE.csv,13.233333333333333,21,2
339,652_EventToErase_FACE.csv,4.533333333333333,4,5
340,652_Guilty_FACE.csv,12.033333333333333,14,4
341,652_MostProudOf_FACE.csv,6.233333333333333,6,2
342,652_HardestDecision_FACE.csv,1.9,2,0
343,687_LastTimeHappy_FACE.csv,10.6,21,9
344,687_HowCloseToFamily_FACE.csv,1.4,3,1
345,687_EventToErase_FACE.csv,1.7333333333333334,3,1
346,687_HardestDecision_FACE.csv,3.4,9,6
347,687_MostProudOf_FACE.csv,23.133333333333333,36,20
348,687_SituationHandledDifferent_FACE.csv,3.7,5,0
349,687_LastArgument_FACE.csv,7.933333333333334,16,4
350,687_Guilty_FACE.csv,0.8,2,0
351,718_MostProudOf_FACE.csv,51.13333333333333,80,50
352,718_LastTimeHappy_FACE.csv,23.033333333333335,55,20
353,718_HowCloseToFamily_FACE.csv,43.7,90,51
354,718_HardestDecision_FACE.csv,70.7,142,84
355,718_LastArgument_FACE.csv,50.5,103,44
356,477_EventToErase_FACE.csv,47.7,101,67
357,477_LastTimeHappy_FACE.csv,18.633333333333333,24,19
358,477_SituationHandledDifferent_FACE.csv,12.433333333333334,24,14
359,477_Guilty_FACE.csv,42.93333333333333,89,50
360,477_LastArgument_FACE.csv,12.0,21,8
361,477_HowCloseToFamily_FACE.csv,47.733333333333334,98,59
362,477_MostProudOf_FACE.csv,22.233333333333334,49,13
363,664_Guilty_FACE.csv,51.7,100,77
364,664_HardestDecision_FACE.csv,5.933333333333334,12,6
365,664_MostProudOf_FACE.csv,12.933333333333334,14,0
366,664_EventToErase_FACE.csv,46.733333333333334,103,56
367,664_LastTimeHappy_FACE.csv,21.4,55,31
368,664_HowCloseToFamily_FACE.csv,10.1,22,10
369,664_LastArgument_FACE.csv,30.333333333333332,54,37
370,664_SituationHandledDifferent_FACE.csv,21.233333333333334,38,25
371,669_EventToErase_FACE.csv,19.033333333333335,32,5
372,669_LastArgument_FACE.csv,14.733333333333333,12,5
373,669_SituationHandledDifferent_FACE.csv,5.4,13,5
374,669_Guilty_FACE.csv,20.633333333333333,43,6
375,669_HowCloseToFamily_FACE.csv,24.933333333333334,21,8
376,669_LastTimeHappy_FACE.csv,3.5,10,1
377,669_HardestDecision_FACE.csv,11.633333333333333,15,4
378,679_Guilty_FACE.csv,3.9,5,2
379,679_HowCloseToFamily_FACE.csv,2.7333333333333334,2,0
380,679_SituationHandledDifferent_FACE.csv,25.6,61,22
381,679_LastTimeHappy_FACE.csv,20.833333333333332,51,37
382,679_EventToErase_FACE.csv,10.7,16,6
383,679_HardestDecision_FACE.csv,17.733333333333334,41,18
384,679_LastArgument_FACE.csv,7.533333333333333,15,6
385,649_MostProudOf_FACE.csv,2.4,4,3
386,649_HardestDecision_FACE.csv,4.7,12,8
387,649_LastArgument_FACE.csv,7.2,12,6
388,649_Guilty_FACE.csv,8.8,20,15
389,649_SituationHandledDifferent_FACE.csv,17.033333333333335,41,20
390,649_LastTimeHappy_FACE.csv,16.733333333333334,50,27
391,649_HowCloseToFamily_FACE.csv,2.1333333333333333,3,1
392,490_EventToErase_FACE.csv,4.233333333333333,3,0
393,490_LastTimeHappy_FACE.csv,5.2,5,0
394,490_LastArgument_FACE.csv,3.9,8,2
395,490_SituationHandledDifferent_FACE.csv,4.1,6,0
396,490_HardestDecision_FACE.csv,1.9,2,1
397,490_MostProudOf_FACE.csv,6.3,9,0
398,490_HowCloseToFamily_FACE.csv,0.6,0,0
399,471_HowCloseToFamily_FACE.csv,38.03333333333333,85,8
400,471_SituationHandledDifferent_FACE.csv,43.8,90,13
401,471_EventToErase_FACE.csv,20.733333333333334,37,4
402,471_LastTimeHappy_FACE.csv,12.833333333333334,26,3
403,471_LastArgument_FACE.csv,8.133333333333333,15,0
404,471_MostProudOf_FACE.csv,39.4,64,8
405,471_HardestDecision_FACE.csv,24.833333333333332,37,0
406,473_HardestDecision_FACE.csv,1.6333333333333333,2,2
407,473_LastTimeHappy_FACE.csv,2.8333333333333335,1,3
408,473_LastArgument_FACE.csv,2.3333333333333335,5,0
409,473_SituationHandledDifferent_FACE.csv,3.0,2,4
410,473_MostProudOf_FACE.csv,0.9333333333333333,2,0
411,473_HowCloseToFamily_FACE.csv,6.2,9,9
412,473_Guilty_FACE.csv,2.1333333333333333,3,2
413,473_EventToErase_FACE.csv,3.2,3,2
414,374_LastArgument_FACE.csv,6.9,7,3
415,374_MostProudOf_FACE.csv,10.933333333333334,14,8
416,374_HowCloseToFamily_FACE.csv,21.533333333333335,30,16
417,374_LastTimeHappy_FACE.csv,18.433333333333334,30,16
418,374_Guilty_FACE.csv,24.7,51,13
419,374_EventToErase_FACE.csv,120.6,224,101
420,449_LastArgument_FACE.csv,25.633333333333333,59,33
421,449_SituationHandledDifferent_FACE.csv,52.733333333333334,120,41
422,449_MostProudOf_FACE.csv,32.43333333333333,71,50
423,449_LastTimeHappy_FACE.csv,32.43333333333333,68,32
424,449_HardestDecision_FACE.csv,43.93333333333333,94,69
425,650_Guilty_FACE.csv,3.6,3,2
426,650_HardestDecision_FACE.csv,13.633333333333333,21,15
427,650_LastTimeHappy_FACE.csv,4.533333333333333,9,4
428,650_MostProudOf_FACE.csv,1.5,4,0
429,650_EventToErase_FACE.csv,16.1,30,11
430,650_LastArgument_FACE.csv,2.7,6,2
431,467_SituationHandledDifferent_FACE.csv,7.333333333333333,14,15
432,467_HowCloseToFamily_FACE.csv,14.833333333333334,17,14
433,467_LastArgument_FACE.csv,6.1,12,10
434,467_Guilty_FACE.csv,2.433333333333333,0,6
435,467_HardestDecision_FACE.csv,4.1,6,5
436,467_LastTimeHappy_FACE.csv,5.0,6,5
437,467_MostProudOf_FACE.csv,3.7,8,2
438,467_EventToErase_FACE.csv,2.433333333333333,4,4
439,461_LastTimeHappy_FACE.csv,9.233333333333333,11,3
440,461_LastArgument_FACE.csv,8.933333333333334,6,2
441,461_HowCloseToFamily_FACE.csv,9.233333333333333,14,4
442,461_HardestDecision_FACE.csv,4.833333333333333,6,1
443,461_MostProudOf_FACE.csv,0.6333333333333333,0,0
444,461_SituationHandledDifferent_FACE.csv,7.433333333333334,6,1
445,461_EventToErase_FACE.csv,12.733333333333333,19,5
446,661_LastArgument_FACE.csv,31.633333333333333,34,2
447,661_SituationHandledDifferent_FACE.csv,19.0,14,1
448,661_LastTimeHappy_FACE.csv,2.5,2,1
449,661_MostProudOf_FACE.csv,13.6,19,0
450,661_EventToErase_FACE.csv,9.9,12,3
451,661_HowCloseToFamily_FACE.csv,1.6,0,1
452,661_Guilty_FACE.csv,9.5,6,0
453,654_LastArgument_FACE.csv,5.833333333333333,13,2
454,654_SituationHandledDifferent_FACE.csv,4.1,7,0
455,654_LastTimeHappy_FACE.csv,12.1,23,4
456,654_MostProudOf_FACE.csv,2.4,6,0
457,654_HardestDecision_FACE.csv,14.233333333333333,30,0
458,654_Guilty_FACE.csv,3.1,5,0
459,654_HowCloseToFamily_FACE.csv,2.4,3,0
460,654_EventToErase_FACE.csv,4.0,10,0
461,481_LastArgument_FACE.csv,23.533333333333335,45,12
462,481_HardestDecision_FACE.csv,32.9,68,26
463,481_MostProudOf_FACE.csv,0.7,0,0
464,481_HowCloseToFamily_FACE.csv,30.033333333333335,61,17
465,481_EventToErase_FACE.csv,21.033333333333335,36,6
466,481_Guilty_FACE.csv,12.633333333333333,21,8
467,481_LastTimeHappy_FACE.csv,7.633333333333334,8,6
468,481_SituationHandledDifferent_FACE.csv,8.633333333333333,16,6
469,448_LastArgument_FACE.csv,39.6,100,39
470,448_SituationHandledDifferent_FACE.csv,47.3,116,63
471,448_LastTimeHappy_FACE.csv,40.63333333333333,96,64
472,448_HardestDecision_FACE.csv,35.333333333333336,88,29
473,448_MostProudOf_FACE.csv,43.5,106,60
474,448_HowCloseToFamily_FACE.csv,23.2,55,27
475,457_Guilty_FACE.csv,10.733333333333333,17,3
476,457_SituationHandledDifferent_FACE.csv,17.633333333333333,24,2
477,457_MostProudOf_FACE.csv,8.233333333333333,14,4
478,457_EventToErase_FACE.csv,8.133333333333333,3,4
479,457_HowCloseToFamily_FACE.csv,15.7,9,6
480,457_LastTimeHappy_FACE.csv,14.233333333333333,23,7
481,457_LastArgument_FACE.csv,7.333333333333333,6,2
482,457_HardestDecision_FACE.csv,15.5,32,8
483,432_SituationHandledDifferent_FACE.csv,2.1333333333333333,1,1
484,432_HowCloseToFamily_FACE.csv,14.4,19,13
485,432_Guilty_FACE.csv,3.6,5,2
486,432_LastTimeHappy_FACE.csv,1.2333333333333334,1,0
487,432_MostProudOf_FACE.csv,33.63333333333333,48,40
488,432_HardestDecision_FACE.csv,7.933333333333334,9,4
489,432_LastArgument_FACE.csv,11.133333333333333,14,7
490,712_EventToErase_FACE.csv,28.433333333333334,47,25
491,712_Guilty_FACE.csv,51.3,100,66
492,712_HardestDecision_FACE.csv,62.8,123,97
493,712_SituationHandledDifferent_FACE.csv,21.533333333333335,39,34
494,712_LastArgument_FACE.csv,33.03333333333333,50,57
495,712_LastTimeHappy_FACE.csv,20.3,26,20
496,712_MostProudOf_FACE.csv,15.1,22,22
497,462_HowCloseToFamily_FACE.csv,6.133333333333334,11,7
498,462_LastTimeHappy_FACE.csv,34.8,63,23
499,462_HardestDecision_FACE.csv,26.7,42,26
500,462_EventToErase_FACE.csv,9.6,15,4
501,462_LastArgument_FACE.csv,26.1,38,23
502,462_SituationHandledDifferent_FACE.csv,40.5,77,27
503,462_MostProudOf_FACE.csv,13.733333333333333,25,6
504,446_LastTimeHappy_FACE.csv,28.133333333333333,66,67
505,446_MostProudOf_FACE.csv,36.233333333333334,103,68
506,446_HardestDecision_FACE.csv,40.63333333333333,83,56
507,446_SituationHandledDifferent_FACE.csv,17.633333333333333,36,24
508,446_LastArgument_FACE.csv,29.033333333333335,60,37
509,429_SituationHandledDifferent_FACE.csv,37.93333333333333,81,17
510,429_Guilty_FACE.csv,10.5,24,7
511,429_LastArgument_FACE.csv,5.9,9,2
512,429_MostProudOf_FACE.csv,8.833333333333334,15,2
513,429_LastTimeHappy_FACE.csv,23.433333333333334,42,11
514,429_HowCloseToFamily_FACE.csv,14.733333333333333,24,14
515,429_HardestDecision_FACE.csv,8.2,17,1
516,429_EventToErase_FACE.csv,20.9,41,6
517,485_EventToErase_FACE.csv,2.9,5,3
518,485_MostProudOf_FACE.csv,4.233333333333333,8,2
519,485_HardestDecision_FACE.csv,3.4,9,0
520,485_Guilty_FACE.csv,5.233333333333333,9,4
521,485_HowCloseToFamily_FACE.csv,8.933333333333334,17,13
522,485_SituationHandledDifferent_FACE.csv,2.1333333333333333,0,2
523,485_LastTimeHappy_FACE.csv,5.3,5,4
524,485_LastArgument_FACE.csv,4.233333333333333,10,2
525,698_HardestDecision_FACE.csv,5.9,5,0
526,698_Guilty_FACE.csv,9.7,23,6
527,698_EventToErase_FACE.csv,22.033333333333335,46,9
528,698_HowCloseToFamily_FACE.csv,18.833333333333332,31,16
529,698_LastArgument_FACE.csv,25.6,50,20
530,698_SituationHandledDifferent_FACE.csv,16.233333333333334,31,4
531,698_LastTimeHappy_FACE.csv,8.2,15,10
532,663_LastTimeHappy_FACE.csv,4.4,8,8
533,663_MostProudOf_FACE.csv,2.2333333333333334,5,1
534,663_SituationHandledDifferent_FACE.csv,0.6333333333333333,0,0
535,663_EventToErase_FACE.csv,2.7333333333333334,7,4
536,663_HowCloseToFamily_FACE.csv,7.033333333333333,7,6
537,663_LastArgument_FACE.csv,6.733333333333333,6,2
538,663_Guilty_FACE.csv,0.9333333333333333,1,0
539,696_LastTimeHappy_FACE.csv,6.0,9,2
540,696_LastArgument_FACE.csv,2.8,0,2
541,696_Guilty_FACE.csv,0.7333333333333333,0,0
542,696_SituationHandledDifferent_FACE.csv,0.6333333333333333,0,1
543,696_HardestDecision_FACE.csv,1.0333333333333334,2,0
544,696_EventToErase_FACE.csv,0.9333333333333333,2,0
545,696_MostProudOf_FACE.csv,5.0,13,2
546,660_LastArgument_FACE.csv,18.233333333333334,24,52
547,660_SituationHandledDifferent_FACE.csv,15.7,24,25
548,660_HardestDecision_FACE.csv,10.3,15,14
549,660_LastTimeHappy_FACE.csv,5.633333333333334,12,16
550,660_MostProudOf_FACE.csv,18.233333333333334,36,29
551,660_HowCloseToFamily_FACE.csv,4.1,7,10
552,660_Guilty_FACE.csv,11.4,22,23
553,660_EventToErase_FACE.csv,9.6,18,32
554,475_SituationHandledDifferent_FACE.csv,1.1,0,0
555,475_LastTimeHappy_FACE.csv,1.6333333333333333,1,0
556,475_Guilty_FACE.csv,3.933333333333333,8,0
557,475_MostProudOf_FACE.csv,21.133333333333333,46,5
558,475_HowCloseToFamily_FACE.csv,7.733333333333333,9,6
559,475_LastArgument_FACE.csv,8.033333333333333,2,3
560,475_EventToErase_FACE.csv,2.2,4,0
561,658_Guilty_FACE.csv,7.833333333333333,9,1
562,658_LastArgument_FACE.csv,22.833333333333332,27,14
563,658_SituationHandledDifferent_FACE.csv,8.9,13,0
564,658_EventToErase_FACE.csv,1.6333333333333333,2,0
565,658_HardestDecision_FACE.csv,3.7,7,1
566,658_LastTimeHappy_FACE.csv,10.7,9,5
567,673_SituationHandledDifferent_FACE.csv,3.033333333333333,6,1
568,673_MostProudOf_FACE.csv,1.9333333333333333,1,0
569,673_LastTimeHappy_FACE.csv,5.7,11,3
570,673_EventToErase_FACE.csv,1.4,1,2
571,673_LastArgument_FACE.csv,2.933333333333333,6,1
572,673_Guilty_FACE.csv,1.0,2,0
573,673_HowCloseToFamily_FACE.csv,1.6333333333333333,3,1
574,713_LastArgument_FACE.csv,3.7333333333333334,10,5
575,713_HardestDecision_FACE.csv,7.6,8,4
576,713_SituationHandledDifferent_FACE.csv,34.93333333333333,47,14
577,713_MostProudOf_FACE.csv,3.433333333333333,2,2
578,713_Guilty_FACE.csv,3.3333333333333335,3,1
579,713_LastTimeHappy_FACE.csv,4.4,9,0
580,468_SituationHandledDifferent_FACE.csv,26.033333333333335,57,28
581,468_Guilty_FACE.csv,4.633333333333334,9,5
582,468_LastArgument_FACE.csv,3.8,7,5
583,468_HowCloseToFamily_FACE.csv,21.033333333333335,43,29
584,468_HardestDecision_FACE.csv,18.333333333333332,31,23
585,468_LastTimeHappy_FACE.csv,20.233333333333334,52,28
586,468_EventToErase_FACE.csv,12.433333333333334,26,13
587,468_MostProudOf_FACE.csv,33.03333333333333,66,46
588,437_HowCloseToFamily_FACE.csv,19.8,42,13
589,437_MostProudOf_FACE.csv,15.9,33,5
590,437_LastTimeHappy_FACE.csv,12.133333333333333,21,3
591,437_HardestDecision_FACE.csv,8.533333333333333,12,2
592,437_LastArgument_FACE.csv,10.6,14,6
593,437_EventToErase_FACE.csv,29.3,61,13
594,437_SituationHandledDifferent_FACE.csv,7.4,4,0
595,437_Guilty_FACE.csv,6.6,10,2
596,710_EventToErase_FACE.csv,9.7,17,9
597,710_HowCloseToFamily_FACE.csv,9.6,20,0
598,710_LastArgument_FACE.csv,3.933333333333333,12,3
599,710_MostProudOf_FACE.csv,1.9333333333333333,2,0
600,710_HardestDecision_FACE.csv,5.2,9,0
601,710_SituationHandledDifferent_FACE.csv,4.033333333333333,4,2
602,710_Guilty_FACE.csv,2.0,4,4
603,710_LastTimeHappy_FACE.csv,3.433333333333333,9,3
604,484_MostProudOf_FACE.csv,12.933333333333334,19,4
605,484_LastTimeHappy_FACE.csv,9.2,16,4
606,484_HardestDecision_FACE.csv,26.933333333333334,45,14
607,484_HowCloseToFamily_FACE.csv,31.3,54,22
608,484_LastArgument_FACE.csv,22.933333333333334,44,12
609,484_EventToErase_FACE.csv,23.433333333333334,30,5
610,484_SituationHandledDifferent_FACE.csv,32.13333333333333,57,19
611,703_LastArgument_FACE.csv,3.6333333333333333,9,6
612,703_LastTimeHappy_FACE.csv,3.533333333333333,10,6
613,703_SituationHandledDifferent_FACE.csv,1.0333333333333334,2,3
614,703_EventToErase_FACE.csv,1.0,2,0
615,703_HowCloseToFamily_FACE.csv,3.3333333333333335,4,4
616,415_LastArgument_FACE.csv,8.233333333333333,19,12
617,415_LastTimeHappy_FACE.csv,8.9,17,16
618,415_Guilty_FACE.csv,10.433333333333334,27,15
619,415_MostProudOf_FACE.csv,9.333333333333334,16,5
620,415_HardestDecision_FACE.csv,18.333333333333332,44,24
621,415_HowCloseToFamily_FACE.csv,20.533333333333335,50,24
622,415_SituationHandledDifferent_FACE.csv,18.533333333333335,48,25
623,415_EventToErase_FACE.csv,23.633333333333333,53,30
624,659_Guilty_FACE.csv,14.1,27,2
625,659_LastTimeHappy_FACE.csv,12.8,19,6
626,659_LastArgument_FACE.csv,12.833333333333334,19,0
627,659_SituationHandledDifferent_FACE.csv,22.6,26,1
628,659_HardestDecision_FACE.csv,12.9,8,1
629,659_HowCloseToFamily_FACE.csv,19.9,34,1
630,659_EventToErase_FACE.csv,13.6,12,3
631,659_MostProudOf_FACE.csv,13.433333333333334,25,3
632,439_MostProudOf_FACE.csv,46.3,84,65
633,439_LastArgument_FACE.csv,65.53333333333333,96,81
634,439_HardestDecision_FACE.csv,73.23333333333333,118,124
635,439_LastTimeHappy_FACE.csv,24.433333333333334,42,40
636,439_SituationHandledDifferent_FACE.csv,78.43333333333334,151,123
637,443_MostProudOf_FACE.csv,0.8333333333333334,0,0
638,443_Guilty_FACE.csv,4.4,8,0
639,443_HardestDecision_FACE.csv,3.8,6,2
640,443_LastArgument_FACE.csv,13.533333333333333,35,11
641,443_SituationHandledDifferent_FACE.csv,9.7,18,0
642,443_EventToErase_FACE.csv,6.2,7,1
643,443_LastTimeHappy_FACE.csv,5.233333333333333,5,7
644,443_HowCloseToFamily_FACE.csv,4.1,3,1
645,431_SituationHandledDifferent_FACE.csv,4.133333333333334,3,9
646,431_Guilty_FACE.csv,8.3,11,3
647,431_LastArgument_FACE.csv,3.5,8,1
648,431_LastTimeHappy_FACE.csv,16.5,21,11
649,431_MostProudOf_FACE.csv,11.0,29,3
650,431_HardestDecision_FACE.csv,7.433333333333334,14,5
651,431_HowCloseToFamily_FACE.csv,3.8,8,1
652,709_LastTimeHappy_FACE.csv,17.0,33,15
653,709_EventToErase_FACE.csv,0.7333333333333333,0,0
654,709_LastArgument_FACE.csv,4.033333333333333,7,0
655,709_SituationHandledDifferent_FACE.csv,6.2,12,3
656,709_Guilty_FACE.csv,2.3,2,2
657,453_HowCloseToFamily_FACE.csv,13.0,28,12
658,453_SituationHandledDifferent_FACE.csv,2.3333333333333335,5,2
659,453_LastTimeHappy_FACE.csv,3.8333333333333335,5,2
660,453_MostProudOf_FACE.csv,18.633333333333333,41,10
661,453_LastArgument_FACE.csv,15.2,23,5
662,453_EventToErase_FACE.csv,17.1,42,23
663,453_Guilty_FACE.csv,4.1,8,2
664,453_HardestDecision_FACE.csv,9.033333333333333,13,4
665,387_LastTimeHappy_FACE.csv,9.233333333333333,7,1
666,387_MostProudOf_FACE.csv,10.6,24,2
667,387_HowCloseToFamily_FACE.csv,1.3333333333333333,2,2
668,387_HardestDecision_FACE.csv,8.233333333333333,11,7
669,387_SituationHandledDifferent_FACE.csv,5.033333333333333,8,1
670,387_Guilty_FACE.csv,2.933333333333333,3,0
671,387_LastArgument_FACE.csv,6.3,7,0
672,387_EventToErase_FACE.csv,2.7,3,2
673,492_MostProudOf_FACE.csv,5.9,10,0
674,492_EventToErase_FACE.csv,58.9,122,38
675,492_HowCloseToFamily_FACE.csv,7.633333333333334,8,6
676,492_HardestDecision_FACE.csv,6.033333333333333,15,0
677,492_LastArgument_FACE.csv,83.83333333333333,168,59
678,492_LastTimeHappy_FACE.csv,24.133333333333333,40,18
679,492_SituationHandledDifferent_FACE.csv,17.4,34,13
680,470_HowCloseToFamily_FACE.csv,15.333333333333334,24,7
681,470_MostProudOf_FACE.csv,12.333333333333334,23,7
682,470_SituationHandledDifferent_FACE.csv,14.733333333333333,25,14
683,470_LastArgument_FACE.csv,21.833333333333332,42,21
684,470_LastTimeHappy_FACE.csv,13.733333333333333,29,15
685,470_Guilty_FACE.csv,4.233333333333333,6,2
686,470_EventToErase_FACE.csv,7.1,9,7
687,470_HardestDecision_FACE.csv,8.1,14,5
688,662_SituationHandledDifferent_FACE.csv,6.133333333333334,11,0
689,662_HowCloseToFamily_FACE.csv,4.433333333333334,7,1
690,662_Guilty_FACE.csv,2.2333333333333334,2,0
691,662_LastTimeHappy_FACE.csv,14.433333333333334,23,12
692,662_HardestDecision_FACE.csv,4.233333333333333,8,1
693,662_MostProudOf_FACE.csv,6.7,13,1
694,662_EventToErase_FACE.csv,2.033333333333333,4,0
695,662_LastArgument_FACE.csv,8.333333333333334,14,3
696,689_LastArgument_FACE.csv,14.333333333333334,22,9
697,689_SituationHandledDifferent_FACE.csv,3.6,8,3
698,689_Guilty_FACE.csv,3.5,7,5
699,689_MostProudOf_FACE.csv,2.8333333333333335,4,2
700,689_LastTimeHappy_FACE.csv,6.033333333333333,9,7
701,689_EventToErase_FACE.csv,3.9,3,0
702,689_HowCloseToFamily_FACE.csv,6.333333333333333,13,9
703,472_Guilty_FACE.csv,10.1,26,8
704,472_LastArgument_FACE.csv,9.733333333333333,20,10
705,472_LastTimeHappy_FACE.csv,12.8,31,6
706,472_SituationHandledDifferent_FACE.csv,29.3,57,12
707,472_HowCloseToFamily_FACE.csv,6.5,22,2
708,472_EventToErase_FACE.csv,19.0,35,11
709,472_MostProudOf_FACE.csv,7.9,11,6
710,472_HardestDecision_FACE.csv,3.3333333333333335,6,3
711,692_MostProudOf_FACE.csv,1.6333333333333333,2,0
712,692_LastArgument_FACE.csv,4.233333333333333,8,3
713,692_SituationHandledDifferent_FACE.csv,4.9,10,2
714,692_EventToErase_FACE.csv,2.933333333333333,3,1
715,692_Guilty_FACE.csv,1.1,0,1
716,692_HardestDecision_FACE.csv,7.1,11,0
717,692_HowCloseToFamily_FACE.csv,11.233333333333333,21,9
718,692_LastTimeHappy_FACE.csv,7.2,15,1
719,715_LastTimeHappy_FACE.csv,14.4,26,11
720,715_HardestDecision_FACE.csv,18.9,34,6
721,715_HowCloseToFamily_FACE.csv,18.833333333333332,46,14
722,715_MostProudOf_FACE.csv,12.533333333333333,31,7
723,715_SituationHandledDifferent_FACE.csv,17.833333333333332,38,8
724,715_Guilty_FACE.csv,8.533333333333333,10,10
725,715_EventToErase_FACE.csv,18.833333333333332,37,13
726,715_LastArgument_FACE.csv,15.633333333333333,31,3
727,AGN51M0_Hurt_FACE.csv,5.7,7,0
728,AGN51M0_Old_FACE.csv,1.7666666666666666,0,0
729,AGN51M0_Dislike_FACE.csv,17.7,20,7
730,AGN51M0_Fantasy_FACE.csv,7.4,8,7
731,AGN51M0_Hometown_FACE.csv,1.7666666666666666,4,0
732,AGN51M0_Time_FACE.csv,14.4,22,10
733,AGN51M0_Hate_FACE.csv,15.3,26,14
734,AGN51M0_Disappointment_FACE.csv,7.4,7,0
735,AGN51M0_Guilty_FACE.csv,6.466666666666667,2,0
736,AGN51M0_Proud_FACE.csv,13.3,16,8
737,RAW19F1_Old_FACE.csv,0.8333333333333334,1,0
738,RAW19F1_Time_FACE.csv,6.766666666666667,14,3
739,RAW19F1_Guilty_FACE.csv,15.0,29,0
740,RAW19F1_Hate_FACE.csv,27.866666666666667,43,15
741,RAW19F1_Hurt_FACE.csv,21.7,47,19
742,RAW19F1_Dislike_FACE.csv,17.1,27,0
743,RAW19F1_Disappointment_FACE.csv,7.333333333333333,19,3
744,RAW19F1_Proud_FACE.csv,14.833333333333334,32,5
745,RAW19F1_Fantasy_FACE.csv,13.066666666666666,28,7
746,RAW19F1_Hometown_FACE.csv,1.3,3,0
747,EDG20M1_Disappointment_FACE.csv,8.9,11,7
748,EDG20M1_Hometown_FACE.csv,1.9333333333333333,2,0
749,EDG20M1_Fantasy_FACE.csv,26.3,54,20
750,EDG20M1_Hate_FACE.csv,18.4,28,7
751,EDG20M1_Guilty_FACE.csv,29.333333333333332,56,36
752,EDG20M1_Time_FACE.csv,8.033333333333333,12,1
753,EDG20M1_Old_FACE.csv,1.2,0,1
754,EDG20M1_Proud_FACE.csv,15.566666666666666,38,13
755,EDG20M1_Hurt_FACE.csv,15.3,25,12
756,EDG20M1_Dislike_FACE.csv,6.166666666666667,13,8
757,RAW23M1_Time_FACE.csv,7.7,14,6
758,RAW23M1_Old_FACE.csv,0.7333333333333333,0,0
759,RAW23M1_Proud_FACE.csv,10.766666666666667,12,5
760,RAW23M1_Hurt_FACE.csv,17.733333333333334,24,13
761,RAW23M1_Hometown_FACE.csv,4.033333333333333,6,0
762,RAW23M1_Disappointment_FACE.csv,14.366666666666667,21,10
763,RAW23M1_Dislike_FACE.csv,4.033333333333333,5,5
764,RAW23M1_Guilty_FACE.csv,25.5,30,9
765,RAW23M1_Fantasy_FACE.csv,9.5,9,5
766,RAW23M1_Hate_FACE.csv,3.8666666666666667,1,0
767,AGN48F1_Proud_FACE.csv,13.066666666666666,20,6
768,AGN48F1_Disappointment_FACE.csv,19.3,33,3
769,AGN48F1_Hate_FACE.csv,15.5,28,11
770,AGN48F1_Guilty_FACE.csv,9.733333333333333,15,9
771,AGN48F1_Old_FACE.csv,1.8,1,0
772,AGN48F1_Dislike_FACE.csv,9.333333333333334,11,6
773,AGN48F1_Time_FACE.csv,7.133333333333334,12,10
774,AGN48F1_Hurt_FACE.csv,16.166666666666668,36,7
775,AGN48F1_Hometown_FACE.csv,2.966666666666667,5,2
776,AGN48F1_Fantasy_FACE.csv,2.7,5,4
777,EDG02M0_Hometown_FACE.csv,2.1666666666666665,2,0
778,EDG02M0_Hate_FACE.csv,14.7,28,10
779,EDG02M0_Fantasy_FACE.csv,9.966666666666667,20,5
780,EDG02M0_Guilty_FACE.csv,15.2,29,10
781,EDG02M0_Proud_FACE.csv,8.966666666666667,12,4
782,EDG02M0_Hurt_FACE.csv,13.333333333333334,26,6
783,EDG02M0_Disappointment_FACE.csv,8.9,12,6
784,EDG02M0_Old_FACE.csv,1.0333333333333334,1,0
785,EDG02M0_Dislike_FACE.csv,1.4,0,0
786,EDG02M0_Time_FACE.csv,5.466666666666667,9,9
787,EDG13M1_Disappointment_FACE.csv,12.066666666666666,16,3
788,EDG13M1_Hate_FACE.csv,16.233333333333334,13,0
789,EDG13M1_Hurt_FACE.csv,25.433333333333334,31,2
790,EDG13M1_Hometown_FACE.csv,3.3,8,0
791,EDG13M1_Guilty_FACE.csv,14.766666666666667,29,6
792,EDG13M1_Proud_FACE.csv,13.666666666666666,20,3
793,EDG13M1_Fantasy_FACE.csv,15.1,25,12
794,EDG13M1_Dislike_FACE.csv,8.766666666666667,15,1
795,EDG13M1_Old_FACE.csv,1.2666666666666666,0,1
796,EDG13M1_Time_FACE.csv,10.766666666666667,19,10
797,EDG30F0_Hometown_FACE.csv,2.8,5,2
798,EDG30F0_Hate_FACE.csv,12.533333333333333,23,9
799,EDG30F0_Time_FACE.csv,10.7,22,13
800,EDG30F0_Fantasy_FACE.csv,11.3,24,9
801,EDG30F0_Guilty_FACE.csv,18.866666666666667,22,15
802,EDG30F0_Hurt_FACE.csv,9.533333333333333,13,11
803,EDG30F0_Proud_FACE.csv,10.633333333333333,15,9
804,EDG30F0_Dislike_FACE.csv,23.7,40,17
805,EDG30F0_Disappointment_FACE.csv,21.066666666666666,32,7
806,EDG30F0_Old_FACE.csv,1.2,1,1
807,EDG04M1_Disappointment_FACE.csv,11.433333333333334,14,0
808,EDG04M1_Hate_FACE.csv,5.933333333333334,8,0
809,EDG04M1_Guilty_FACE.csv,10.933333333333334,15,1
810,EDG04M1_Hometown_FACE.csv,1.3,2,0
811,EDG04M1_Time_FACE.csv,2.966666666666667,4,1
812,EDG04M1_Hurt_FACE.csv,7.566666666666666,13,0
813,EDG04M1_Dislike_FACE.csv,4.5,11,0
814,EDG04M1_Old_FACE.csv,1.4,1,0
815,EDG04M1_Proud_FACE.csv,6.066666666666666,10,0
816,EDG04M1_Fantasy_FACE.csv,6.833333333333333,14,3
817,RAW24M0_Dislike_FACE.csv,3.066666666666667,3,0
818,RAW24M0_Hometown_FACE.csv,0.9666666666666667,1,1
819,RAW24M0_Fantasy_FACE.csv,8.5,8,0
820,RAW24M0_Proud_FACE.csv,9.533333333333333,14,8
821,RAW24M0_Disappointment_FACE.csv,1.1333333333333333,0,0
822,RAW24M0_Guilty_FACE.csv,7.133333333333334,2,4
823,RAW24M0_Hate_FACE.csv,2.3333333333333335,3,1
824,RAW24M0_Old_FACE.csv,1.2,2,1
825,RAW24M0_Time_FACE.csv,1.0,1,0
826,RAW24M0_Hurt_FACE.csv,8.8,10,5
827,AGN39M0_Time_FACE.csv,2.2333333333333334,4,1
828,AGN39M0_Hometown_FACE.csv,1.6666666666666667,0,0
829,AGN39M0_Fantasy_FACE.csv,6.9,11,6
830,AGN39M0_Hurt_FACE.csv,7.8,11,6
831,AGN39M0_Hate_FACE.csv,4.933333333333334,7,3
832,AGN39M0_Guilty_FACE.csv,6.3,8,3
833,AGN39M0_Disappointment_FACE.csv,6.066666666666666,11,7
834,AGN39M0_Dislike_FACE.csv,2.433333333333333,2,5
835,AGN39M0_Proud_FACE.csv,3.1333333333333333,5,0
836,AGN39M0_Old_FACE.csv,1.6,4,0
837,EDG28M1_Dislike_FACE.csv,34.46666666666667,74,20
838,EDG28M1_Disappointment_FACE.csv,11.8,29,6
839,EDG28M1_Guilty_FACE.csv,35.2,80,36
840,EDG28M1_Hate_FACE.csv,31.566666666666666,64,10
841,EDG28M1_Old_FACE.csv,1.7333333333333334,2,2
842,EDG28M1_Fantasy_FACE.csv,8.6,19,7
843,EDG28M1_Time_FACE.csv,23.366666666666667,52,15
844,EDG28M1_Hurt_FACE.csv,27.866666666666667,68,12
845,EDG28M1_Proud_FACE.csv,22.133333333333333,40,26
846,EDG28M1_Hometown_FACE.csv,2.9,7,2
847,AGN27F0_Proud_FACE.csv,36.733333333333334,53,21
848,AGN27F0_Old_FACE.csv,1.1333333333333333,2,0
849,AGN27F0_Time_FACE.csv,14.933333333333334,34,13
850,AGN27F0_Hate_FACE.csv,17.733333333333334,30,12
851,AGN27F0_Dislike_FACE.csv,22.7,42,8
852,AGN27F0_Guilty_FACE.csv,24.933333333333334,38,9
853,AGN27F0_Hometown_FACE.csv,2.3,4,0
854,AGN27F0_Disappointment_FACE.csv,19.566666666666666,27,8
855,AGN27F0_Fantasy_FACE.csv,12.1,16,11
856,AGN27F0_Hurt_FACE.csv,16.133333333333333,15,14
857,RAW28F0_Proud_FACE.csv,8.4,9,0
858,RAW28F0_Hurt_FACE.csv,13.566666666666666,13,1
859,RAW28F0_Hate_FACE.csv,14.666666666666666,18,2
860,RAW28F0_Time_FACE.csv,3.7,2,2
861,RAW28F0_Hometown_FACE.csv,4.9,6,0
862,RAW28F0_Old_FACE.csv,1.3,0,0
863,RAW28F0_Disappointment_FACE.csv,11.533333333333333,15,0
864,RAW28F0_Guilty_FACE.csv,13.933333333333334,21,9
865,RAW28F0_Fantasy_FACE.csv,26.566666666666666,39,15
866,RAW28F0_Dislike_FACE.csv,18.733333333333334,29,6
867,AGN20M0_Hometown_FACE.csv,2.2333333333333334,2,0
868,AGN20M0_Dislike_FACE.csv,5.966666666666667,8,2
869,AGN20M0_Disappointment_FACE.csv,7.9,15,1
870,AGN20M0_Hurt_FACE.csv,5.5,9,3
871,AGN20M0_Time_FACE.csv,6.8,11,4
872,AGN20M0_Old_FACE.csv,1.2666666666666666,0,0
873,AGN20M0_Proud_FACE.csv,9.766666666666667,13,0
874,AGN20M0_Hate_FACE.csv,3.5,0,0
875,AGN20M0_Guilty_FACE.csv,4.7,7,1
876,AGN20M0_Fantasy_FACE.csv,3.033333333333333,6,1
877,RAW01F1_Dislike_FACE.csv,9.666666666666666,14,1
878,RAW01F1_Time_FACE.csv,4.8,3,0
879,RAW01F1_Guilty_FACE.csv,14.433333333333334,26,3
880,RAW01F1_Proud_FACE.csv,11.733333333333333,10,2
881,RAW01F1_Hometown_FACE.csv,2.3333333333333335,4,1
882,RAW01F1_Old_FACE.csv,1.1,2,0
883,RAW01F1_Fantasy_FACE.csv,4.4,3,5
884,RAW01F1_Hate_FACE.csv,7.766666666666667,14,2
885,RAW01F1_Disappointment_FACE.csv,10.366666666666667,17,1
886,RAW01F1_Hurt_FACE.csv,6.833333333333333,12,1
887,AGN38M0_Fantasy_FACE.csv,18.366666666666667,32,3
888,AGN38M0_Hurt_FACE.csv,62.53333333333333,149,53
889,AGN38M0_Time_FACE.csv,46.56666666666667,93,20
890,AGN38M0_Hometown_FACE.csv,13.4,21,6
891,AGN38M0_Disappointment_FACE.csv,69.8,143,32
892,AGN38M0_Guilty_FACE.csv,79.7,182,34
893,AGN38M0_Dislike_FACE.csv,44.56666666666667,106,28
894,AGN38M0_Hate_FACE.csv,53.03333333333333,116,18
895,AGN38M0_Proud_FACE.csv,33.7,81,15
896,AGN38M0_Old_FACE.csv,2.066666666666667,3,2
897,RAW25F1_Hate_FACE.csv,23.8,46,25
898,RAW25F1_Hurt_FACE.csv,10.366666666666667,16,5
899,RAW25F1_Dislike_FACE.csv,4.866666666666666,3,4
900,RAW25F1_Proud_FACE.csv,19.233333333333334,47,15
901,RAW25F1_Old_FACE.csv,1.3,2,2
902,RAW25F1_Hometown_FACE.csv,1.6666666666666667,3,1
903,RAW25F1_Guilty_FACE.csv,17.866666666666667,30,15
904,RAW25F1_Disappointment_FACE.csv,4.566666666666666,6,3
905,RAW25F1_Time_FACE.csv,15.2,23,8
906,RAW25F1_Fantasy_FACE.csv,14.966666666666667,35,8
907,RAW22F0_Dislike_FACE.csv,50.833333333333336,85,32
908,RAW22F0_Time_FACE.csv,33.06666666666667,60,17
909,RAW22F0_Fantasy_FACE.csv,20.3,33,26
910,RAW22F0_Hometown_FACE.csv,3.3333333333333335,6,0
911,RAW22F0_Hate_FACE.csv,44.233333333333334,75,16
912,RAW22F0_Proud_FACE.csv,45.233333333333334,56,8
913,RAW22F0_Guilty_FACE.csv,69.76666666666667,105,48
914,RAW22F0_Old_FACE.csv,0.9,2,0
915,RAW22F0_Disappointment_FACE.csv,59.733333333333334,75,20
916,RAW22F0_Hurt_FACE.csv,31.133333333333333,48,14
917,EDG21M0_Hate_FACE.csv,31.9,66,45
918,EDG21M0_Hometown_FACE.csv,2.0,4,4
919,EDG21M0_Old_FACE.csv,1.8,2,0
920,EDG21M0_Hurt_FACE.csv,22.0,49,18
921,EDG21M0_Proud_FACE.csv,11.033333333333333,18,7
922,EDG21M0_Guilty_FACE.csv,23.366666666666667,52,22
923,EDG21M0_Time_FACE.csv,9.333333333333334,18,12
924,EDG21M0_Fantasy_FACE.csv,20.833333333333332,38,27
925,EDG21M0_Disappointment_FACE.csv,20.166666666666668,34,13
926,EDG21M0_Dislike_FACE.csv,16.1,28,24
927,RAW18M1_Dislike_FACE.csv,4.366666666666666,5,1
928,RAW18M1_Guilty_FACE.csv,1.0666666666666667,1,0
929,RAW18M1_Old_FACE.csv,1.7,2,0
930,RAW18M1_Hometown_FACE.csv,2.7,2,1
931,RAW18M1_Hurt_FACE.csv,4.0,8,4
932,RAW18M1_Hate_FACE.csv,2.2,4,0
933,RAW18M1_Proud_FACE.csv,15.833333333333334,17,4
934,RAW18M1_Disappointment_FACE.csv,8.766666666666667,9,6
935,RAW18M1_Fantasy_FACE.csv,2.1333333333333333,5,1
936,RAW18M1_Time_FACE.csv,6.0,9,2
937,AGN57F1_Guilty_FACE.csv,12.833333333333334,29,5
938,AGN57F1_Hurt_FACE.csv,21.833333333333332,55,12
939,AGN57F1_Disappointment_FACE.csv,6.933333333333334,16,3
940,AGN57F1_Hate_FACE.csv,16.733333333333334,44,14
941,AGN57F1_Hometown_FACE.csv,2.8,5,0
942,AGN57F1_Old_FACE.csv,1.5333333333333334,2,0
943,AGN57F1_Time_FACE.csv,3.2666666666666666,8,1
944,AGN57F1_Proud_FACE.csv,8.866666666666667,17,3
945,AGN57F1_Fantasy_FACE.csv,4.2,9,3
946,AGN57F1_Dislike_FACE.csv,5.6,12,7
947,RAW08F1_Hate_FACE.csv,12.0,21,8
948,RAW08F1_Time_FACE.csv,10.333333333333334,14,1
949,RAW08F1_Hurt_FACE.csv,21.466666666666665,41,17
950,RAW08F1_Proud_FACE.csv,9.366666666666667,19,10
951,RAW08F1_Hometown_FACE.csv,1.4,3,0
952,RAW08F1_Guilty_FACE.csv,15.4,19,18
953,RAW08F1_Old_FACE.csv,0.8,1,0
954,RAW08F1_Disappointment_FACE.csv,9.166666666666666,27,15
955,RAW08F1_Dislike_FACE.csv,9.2,14,10
956,RAW08F1_Fantasy_FACE.csv,15.633333333333333,32,12
957,EDG10M0_Hate_FACE.csv,13.8,20,11
958,EDG10M0_Fantasy_FACE.csv,34.266666666666666,24,11
959,EDG10M0_Hometown_FACE.csv,3.466666666666667,2,1
960,EDG10M0_Disappointment_FACE.csv,18.333333333333332,21,6
961,EDG10M0_Hurt_FACE.csv,6.133333333333334,10,5
962,EDG10M0_Proud_FACE.csv,5.633333333333334,4,7
963,EDG10M0_Old_FACE.csv,1.4333333333333333,2,1
964,EDG10M0_Guilty_FACE.csv,29.5,50,34
965,EDG10M0_Dislike_FACE.csv,5.8,6,5
966,EDG10M0_Time_FACE.csv,15.533333333333333,26,22
967,EDG32F0_Old_FACE.csv,1.1,3,1
968,EDG32F0_Time_FACE.csv,6.8,2,0
969,EDG32F0_Proud_FACE.csv,5.966666666666667,10,2
970,EDG32F0_Hurt_FACE.csv,10.366666666666667,12,1
971,EDG32F0_Guilty_FACE.csv,21.233333333333334,35,15
972,EDG32F0_Fantasy_FACE.csv,18.033333333333335,34,13
973,EDG32F0_Disappointment_FACE.csv,13.466666666666667,21,6
974,EDG32F0_Hometown_FACE.csv,2.1333333333333333,4,0
975,EDG32F0_Hate_FACE.csv,8.166666666666666,16,9
976,EDG32F0_Dislike_FACE.csv,4.3,3,0
977,RAW26F0_Time_FACE.csv,4.0,10,0
978,RAW26F0_Hate_FACE.csv,3.9,0,0
979,RAW26F0_Disappointment_FACE.csv,6.366666666666666,1,1
980,RAW26F0_Old_FACE.csv,1.1,2,0
981,RAW26F0_Fantasy_FACE.csv,6.166666666666667,7,0
982,RAW26F0_Dislike_FACE.csv,3.2,3,0
983,RAW26F0_Hometown_FACE.csv,0.9,1,0
984,RAW26F0_Guilty_FACE.csv,7.966666666666667,13,3
985,RAW26F0_Proud_FACE.csv,5.333333333333333,5,1
986,RAW26F0_Hurt_FACE.csv,8.166666666666666,16,0
987,AGN37F0_Disappointment_FACE.csv,9.733333333333333,22,10
988,AGN37F0_Guilty_FACE.csv,13.433333333333334,24,7
989,AGN37F0_Dislike_FACE.csv,13.366666666666667,27,10
990,AGN37F0_Fantasy_FACE.csv,9.733333333333333,26,15
991,AGN37F0_Proud_FACE.csv,8.2,17,10
992,AGN37F0_Hate_FACE.csv,11.9,31,13
993,AGN37F0_Hometown_FACE.csv,2.6,0,0
994,AGN37F0_Time_FACE.csv,6.4,13,5
995,AGN37F0_Hurt_FACE.csv,15.7,28,13
996,AGN37F0_Old_FACE.csv,1.7,3,0
997,EDG14F1_Hate_FACE.csv,23.6,41,5
998,EDG14F1_Old_FACE.csv,2.3,3,0
999,EDG14F1_Proud_FACE.csv,14.6,29,2
1000,EDG14F1_Fantasy_FACE.csv,23.3,33,6
1001,EDG14F1_Guilty_FACE.csv,33.233333333333334,48,18
1002,EDG14F1_Hometown_FACE.csv,1.5333333333333334,4,0
1003,EDG14F1_Disappointment_FACE.csv,11.1,20,3
1004,EDG14F1_Hurt_FACE.csv,30.133333333333333,34,14
1005,EDG14F1_Time_FACE.csv,8.833333333333334,21,10
1006,EDG14F1_Dislike_FACE.csv,18.7,30,18
1007,EDG23M0_Disappointment_FACE.csv,12.733333333333333,27,0
1008,EDG23M0_Time_FACE.csv,17.066666666666666,26,7
1009,EDG23M0_Hometown_FACE.csv,1.5333333333333334,2,0
1010,EDG23M0_Hurt_FACE.csv,32.93333333333333,41,6
1011,EDG23M0_Guilty_FACE.csv,22.166666666666668,29,3
1012,EDG23M0_Proud_FACE.csv,19.6,37,11
1013,EDG23M0_Dislike_FACE.csv,29.3,40,6
1014,EDG23M0_Old_FACE.csv,1.4333333333333333,3,0
1015,EDG23M0_Hate_FACE.csv,27.066666666666666,41,6
1016,EDG23M0_Fantasy_FACE.csv,15.833333333333334,25,6
1017,AGN29M1_Time_FACE.csv,20.633333333333333,35,4
1018,AGN29M1_Dislike_FACE.csv,15.8,23,13
1019,AGN29M1_Hate_FACE.csv,19.733333333333334,39,16
1020,AGN29M1_Fantasy_FACE.csv,19.633333333333333,25,3
1021,AGN29M1_Disappointment_FACE.csv,29.866666666666667,66,10
1022,AGN29M1_Hurt_FACE.csv,21.9,40,14
1023,AGN29M1_Proud_FACE.csv,20.933333333333334,52,5
1024,AGN29M1_Hometown_FACE.csv,5.633333333333334,11,0
1025,AGN29M1_Old_FACE.csv,3.8333333333333335,2,2
1026,AGN29M1_Guilty_FACE.csv,43.86666666666667,82,26
1027,EDG33M0_Guilty_FACE.csv,18.733333333333334,39,50
1028,EDG33M0_Hate_FACE.csv,67.33333333333333,115,72
1029,EDG33M0_Dislike_FACE.csv,28.866666666666667,78,43
1030,EDG33M0_Disappointment_FACE.csv,28.566666666666666,74,54
1031,EDG33M0_Old_FACE.csv,1.2666666666666666,0,1
1032,EDG33M0_Proud_FACE.csv,19.133333333333333,60,29
1033,EDG33M0_Hurt_FACE.csv,46.46666666666667,102,46
1034,EDG33M0_Hometown_FACE.csv,1.6666666666666667,3,3
1035,EDG33M0_Fantasy_FACE.csv,21.333333333333332,43,22
1036,EDG33M0_Time_FACE.csv,13.366666666666667,39,24
1037,RAW09F0_Hometown_FACE.csv,3.033333333333333,4,0
1038,RAW09F0_Time_FACE.csv,12.4,26,4
1039,RAW09F0_Fantasy_FACE.csv,12.3,29,16
1040,RAW09F0_Proud_FACE.csv,17.0,22,19
1041,RAW09F0_Guilty_FACE.csv,14.1,25,11
1042,RAW09F0_Old_FACE.csv,1.2,2,0
1043,RAW09F0_Hurt_FACE.csv,39.766666666666666,82,48
1044,RAW09F0_Dislike_FACE.csv,9.066666666666666,26,6
1045,RAW09F0_Hate_FACE.csv,18.8,34,24
1046,RAW09F0_Disappointment_FACE.csv,28.6,50,19
1047,EDG36M1_Fantasy_FACE.csv,76.46666666666667,164,82
1048,EDG36M1_Hate_FACE.csv,63.666666666666664,131,44
1049,EDG36M1_Guilty_FACE.csv,103.2,207,75
1050,EDG36M1_Hometown_FACE.csv,3.3666666666666667,4,0
1051,EDG36M1_Time_FACE.csv,57.93333333333333,98,46
1052,EDG36M1_Dislike_FACE.csv,45.43333333333333,98,34
1053,EDG36M1_Old_FACE.csv,3.3333333333333335,4,0
1054,EDG36M1_Disappointment_FACE.csv,64.43333333333334,127,47
1055,EDG36M1_Proud_FACE.csv,43.13333333333333,89,34
1056,EDG36M1_Hurt_FACE.csv,67.9,156,98
1057,EDG34F0_Time_FACE.csv,4.1,9,1
1058,EDG34F0_Hometown_FACE.csv,1.4333333333333333,3,1
1059,EDG34F0_Proud_FACE.csv,4.5,9,2
1060,EDG34F0_Guilty_FACE.csv,4.466666666666667,8,2
1061,EDG34F0_Fantasy_FACE.csv,3.2333333333333334,4,0
1062,EDG34F0_Hurt_FACE.csv,3.7,1,1
1063,EDG34F0_Hate_FACE.csv,2.8,4,3
1064,EDG34F0_Dislike_FACE.csv,5.666666666666667,5,1
1065,EDG34F0_Disappointment_FACE.csv,7.9,10,4
1066,EDG34F0_Old_FACE.csv,0.8,0,1
1067,AGN02F0_Proud_FACE.csv,21.433333333333334,31,13
1068,AGN02F0_Fantasy_FACE.csv,8.666666666666666,12,8
1069,AGN02F0_Hurt_FACE.csv,21.933333333333334,26,43
1070,AGN02F0_Old_FACE.csv,1.2,2,0
1071,AGN02F0_Disappointment_FACE.csv,12.1,7,10
1072,AGN02F0_Dislike_FACE.csv,13.866666666666667,30,9
1073,AGN02F0_Time_FACE.csv,15.166666666666666,30,9
1074,AGN02F0_Hate_FACE.csv,19.833333333333332,29,5
1075,AGN02F0_Guilty_FACE.csv,10.533333333333333,9,2
1076,AGN02F0_Hometown_FACE.csv,1.4666666666666666,2,0
1077,RAW27F1_Dislike_FACE.csv,4.633333333333334,10,2
1078,RAW27F1_Fantasy_FACE.csv,21.2,46,8
1079,RAW27F1_Proud_FACE.csv,8.3,18,2
1080,RAW27F1_Old_FACE.csv,1.2666666666666666,1,0
1081,RAW27F1_Hurt_FACE.csv,5.7,13,2
1082,RAW27F1_Time_FACE.csv,10.066666666666666,23,10
1083,RAW27F1_Hate_FACE.csv,11.866666666666667,22,5
1084,RAW27F1_Disappointment_FACE.csv,12.833333333333334,26,12
1085,RAW27F1_Guilty_FACE.csv,12.2,19,4
1086,RAW27F1_Hometown_FACE.csv,1.1,2,0
1087,AGN33M0_Hate_FACE.csv,33.766666666666666,59,13
1088,AGN33M0_Hometown_FACE.csv,2.7,5,3
1089,AGN33M0_Dislike_FACE.csv,13.2,11,1
1090,AGN33M0_Disappointment_FACE.csv,10.866666666666667,13,3
1091,AGN33M0_Hurt_FACE.csv,28.133333333333333,53,4
1092,AGN33M0_Fantasy_FACE.csv,3.933333333333333,7,6
1093,AGN33M0_Old_FACE.csv,2.933333333333333,5,0
1094,AGN33M0_Proud_FACE.csv,46.3,79,8
1095,AGN33M0_Time_FACE.csv,21.933333333333334,38,1
1096,AGN33M0_Guilty_FACE.csv,51.46666666666667,100,24
1097,RAW21F1_Fantasy_FACE.csv,6.8,10,12
1098,RAW21F1_Disappointment_FACE.csv,11.233333333333333,10,3
1099,RAW21F1_Hate_FACE.csv,20.066666666666666,28,4
1100,RAW21F1_Hometown_FACE.csv,2.033333333333333,0,0
1101,RAW21F1_Proud_FACE.csv,12.933333333333334,21,17
1102,RAW21F1_Time_FACE.csv,12.133333333333333,22,5
1103,RAW21F1_Hurt_FACE.csv,29.033333333333335,41,6
1104,RAW21F1_Old_FACE.csv,1.5,4,0
1105,RAW21F1_Guilty_FACE.csv,4.233333333333333,8,4
1106,RAW21F1_Dislike_FACE.csv,20.0,24,4
1107,RAW40M0_Guilty_FACE.csv,14.766666666666667,29,12
1108,RAW40M0_Proud_FACE.csv,4.833333333333333,6,3
1109,RAW40M0_Hate_FACE.csv,3.4,7,5
1110,RAW40M0_Time_FACE.csv,6.3,14,9
1111,RAW40M0_Dislike_FACE.csv,4.066666666666666,7,6
1112,RAW40M0_Disappointment_FACE.csv,6.266666666666667,13,4
1113,RAW40M0_Hurt_FACE.csv,8.766666666666667,15,8
1114,RAW40M0_Fantasy_FACE.csv,10.233333333333333,19,11
1115,RAW40M0_Hometown_FACE.csv,1.2666666666666666,1,1
1116,RAW40M0_Old_FACE.csv,1.1666666666666667,2,2
1117,AGN53M0_Dislike_FACE.csv,10.4,8,2
1118,AGN53M0_Hurt_FACE.csv,58.666666666666664,59,1
1119,AGN53M0_Old_FACE.csv,1.6333333333333333,3,0
1120,AGN53M0_Fantasy_FACE.csv,22.466666666666665,22,2
1121,AGN53M0_Hometown_FACE.csv,7.333333333333333,7,1
1122,AGN53M0_Disappointment_FACE.csv,40.666666666666664,46,9
1123,AGN53M0_Time_FACE.csv,29.833333333333332,28,1
1124,AGN53M0_Proud_FACE.csv,17.033333333333335,11,0
1125,AGN53M0_Hate_FACE.csv,54.03333333333333,56,4
1126,AGN53M0_Guilty_FACE.csv,27.266666666666666,9,3
1127,RAW36M1_Dislike_FACE.csv,5.833333333333333,9,0
1128,RAW36M1_Hurt_FACE.csv,7.333333333333333,12,2
1129,RAW36M1_Proud_FACE.csv,7.966666666666667,15,6
1130,RAW36M1_Hometown_FACE.csv,7.7,11,1
1131,RAW36M1_Hate_FACE.csv,5.4,7,0
1132,RAW36M1_Disappointment_FACE.csv,16.266666666666666,27,7
1133,RAW36M1_Fantasy_FACE.csv,6.933333333333334,12,10
1134,RAW36M1_Time_FACE.csv,5.733333333333333,7,3
1135,RAW36M1_Guilty_FACE.csv,16.866666666666667,27,22
1136,RAW36M1_Old_FACE.csv,1.5333333333333334,2,0
1137,EDG06F0_Old_FACE.csv,1.0666666666666667,2,1
1138,EDG06F0_Dislike_FACE.csv,18.533333333333335,50,23
1139,EDG06F0_Disappointment_FACE.csv,40.53333333333333,111,50
1140,EDG06F0_Proud_FACE.csv,13.366666666666667,30,15
1141,EDG06F0_Hometown_FACE.csv,1.8333333333333333,2,1
1142,EDG06F0_Hate_FACE.csv,38.93333333333333,100,36
1143,EDG06F0_Time_FACE.csv,6.133333333333334,13,5
1144,EDG06F0_Guilty_FACE.csv,46.166666666666664,108,47
1145,EDG06F0_Hurt_FACE.csv,31.1,84,48
1146,EDG06F0_Fantasy_FACE.csv,26.6,75,33
1147,AGN36F1_Hometown_FACE.csv,2.1333333333333333,6,0
1148,AGN36F1_Old_FACE.csv,1.8666666666666667,4,0
1149,AGN36F1_Fantasy_FACE.csv,6.5,10,1
1150,AGN36F1_Dislike_FACE.csv,8.066666666666666,17,6
1151,AGN36F1_Guilty_FACE.csv,12.266666666666667,27,7
1152,AGN36F1_Disappointment_FACE.csv,12.833333333333334,27,4
1153,AGN36F1_Hate_FACE.csv,11.633333333333333,21,12
1154,AGN36F1_Hurt_FACE.csv,6.866666666666666,17,7
1155,AGN36F1_Time_FACE.csv,6.633333333333334,13,7
1156,AGN36F1_Proud_FACE.csv,8.9,19,13
1157,AGN49F0_Proud_FACE.csv,9.8,16,16
1158,AGN49F0_Old_FACE.csv,1.0333333333333334,0,0
1159,AGN49F0_Fantasy_FACE.csv,2.6,5,1
1160,AGN49F0_Time_FACE.csv,19.066666666666666,45,16
1161,AGN49F0_Disappointment_FACE.csv,23.666666666666668,41,9
1162,AGN49F0_Guilty_FACE.csv,28.333333333333332,43,12
1163,AGN49F0_Hometown_FACE.csv,2.7,3,2
1164,AGN49F0_Hate_FACE.csv,10.9,19,8
1165,AGN49F0_Dislike_FACE.csv,23.233333333333334,42,11
1166,AGN49F0_Hurt_FACE.csv,9.766666666666667,19,7
1167,RAW31M0_Hurt_FACE.csv,63.3,147,82
1168,RAW31M0_Dislike_FACE.csv,86.8,129,86
1169,RAW31M0_Disappointment_FACE.csv,29.866666666666667,48,15
1170,RAW31M0_Guilty_FACE.csv,31.1,69,34
1171,RAW31M0_Proud_FACE.csv,52.13333333333333,90,37
1172,RAW31M0_Hometown_FACE.csv,3.066666666666667,5,3
1173,RAW31M0_Fantasy_FACE.csv,10.3,13,7
1174,RAW31M0_Time_FACE.csv,23.1,38,10
1175,RAW31M0_Old_FACE.csv,1.4333333333333333,2,1
1176,RAW31M0_Hate_FACE.csv,55.233333333333334,83,55
1177,RAW35M0_Guilty_FACE.csv,12.9,18,0
1178,RAW35M0_Dislike_FACE.csv,4.7,2,0
1179,RAW35M0_Hometown_FACE.csv,2.7666666666666666,2,1
1180,RAW35M0_Disappointment_FACE.csv,16.0,21,3
1181,RAW35M0_Time_FACE.csv,4.966666666666667,8,1
1182,RAW35M0_Hurt_FACE.csv,9.733333333333333,12,1
1183,RAW35M0_Fantasy_FACE.csv,7.866666666666666,9,0
1184,RAW35M0_Old_FACE.csv,1.7666666666666666,3,0
1185,RAW35M0_Proud_FACE.csv,8.3,14,0
1186,RAW35M0_Hate_FACE.csv,10.666666666666666,19,2
1187,RAW29M1_Fantasy_FACE.csv,6.266666666666667,9,5
1188,RAW29M1_Hate_FACE.csv,8.5,18,8
1189,RAW29M1_Old_FACE.csv,1.6,1,0
1190,RAW29M1_Dislike_FACE.csv,10.033333333333333,16,12
1191,RAW29M1_Hurt_FACE.csv,7.133333333333334,16,5
1192,RAW29M1_Proud_FACE.csv,4.3,6,2
1193,RAW29M1_Disappointment_FACE.csv,6.266666666666667,9,2
1194,RAW29M1_Time_FACE.csv,8.966666666666667,3,6
1195,RAW29M1_Guilty_FACE.csv,10.5,19,4
1196,RAW29M1_Hometown_FACE.csv,3.2333333333333334,4,0
1197,RAW02M0_Old_FACE.csv,2.6333333333333333,1,0
1198,RAW02M0_Proud_FACE.csv,35.36666666666667,30,6
1199,RAW02M0_Hurt_FACE.csv,71.2,122,30
1200,RAW02M0_Hate_FACE.csv,70.23333333333333,147,60
1201,RAW02M0_Dislike_FACE.csv,46.233333333333334,71,16
1202,RAW02M0_Guilty_FACE.csv,107.8,188,53
1203,RAW02M0_Fantasy_FACE.csv,60.833333333333336,57,24
1204,RAW02M0_Disappointment_FACE.csv,168.6,193,81
1205,RAW02M0_Hometown_FACE.csv,2.066666666666667,1,1
1206,RAW02M0_Time_FACE.csv,23.633333333333333,46,15
1207,RAW37F0_Hometown_FACE.csv,1.4666666666666666,4,0
1208,RAW37F0_Old_FACE.csv,1.1333333333333333,1,0
1209,RAW37F0_Time_FACE.csv,9.733333333333333,21,7
1210,RAW37F0_Fantasy_FACE.csv,9.6,17,0
1211,RAW37F0_Hurt_FACE.csv,13.833333333333334,15,9
1212,RAW37F0_Disappointment_FACE.csv,9.6,11,4
1213,RAW37F0_Proud_FACE.csv,18.633333333333333,21,10
1214,RAW37F0_Hate_FACE.csv,21.1,29,16
1215,RAW37F0_Dislike_FACE.csv,7.2,5,4
1216,RAW37F0_Guilty_FACE.csv,26.7,47,12
1217,EDG22M1_Disappointment_FACE.csv,7.766666666666667,9,7
1218,EDG22M1_Time_FACE.csv,5.533333333333333,5,6
1219,EDG22M1_Guilty_FACE.csv,9.2,5,12
1220,EDG22M1_Fantasy_FACE.csv,4.8,6,2
1221,EDG22M1_Hate_FACE.csv,10.166666666666666,11,5
1222,EDG22M1_Old_FACE.csv,1.8666666666666667,4,2
1223,EDG22M1_Hurt_FACE.csv,12.0,8,4
1224,EDG22M1_Hometown_FACE.csv,3.8333333333333335,9,3
1225,EDG22M1_Dislike_FACE.csv,2.933333333333333,4,1
1226,EDG22M1_Proud_FACE.csv,9.0,12,5
1227,EDG26F0_Guilty_FACE.csv,22.066666666666666,41,5
1228,EDG26F0_Dislike_FACE.csv,7.466666666666667,16,1
1229,EDG26F0_Time_FACE.csv,8.3,13,6
1230,EDG26F0_Hometown_FACE.csv,5.533333333333333,15,5
1231,EDG26F0_Hurt_FACE.csv,12.9,17,3
1232,EDG26F0_Proud_FACE.csv,4.7,7,5
1233,EDG26F0_Fantasy_FACE.csv,15.9,25,0
1234,EDG26F0_Disappointment_FACE.csv,14.866666666666667,33,10
1235,EDG26F0_Old_FACE.csv,1.0333333333333334,1,0
1236,EDG26F0_Hate_FACE.csv,7.766666666666667,13,2
1237,EDG24F1_Guilty_FACE.csv,16.8,29,6
1238,EDG24F1_Hurt_FACE.csv,5.266666666666667,3,0
1239,EDG24F1_Dislike_FACE.csv,2.3666666666666667,0,0
1240,EDG24F1_Disappointment_FACE.csv,4.366666666666666,4,0
1241,EDG24F1_Proud_FACE.csv,6.2,8,1
1242,EDG24F1_Fantasy_FACE.csv,8.933333333333334,7,6
1243,EDG24F1_Time_FACE.csv,4.7,5,0
1244,EDG24F1_Hometown_FACE.csv,1.0666666666666667,1,0
1245,EDG24F1_Old_FACE.csv,0.8666666666666667,1,0
1246,EDG24F1_Hate_FACE.csv,4.966666666666667,7,0
1247,EDG11F1_Hometown_FACE.csv,2.566666666666667,5,2
1248,EDG11F1_Fantasy_FACE.csv,24.166666666666668,47,24
1249,EDG11F1_Hate_FACE.csv,33.766666666666666,84,16
1250,EDG11F1_Proud_FACE.csv,21.833333333333332,49,9
1251,EDG11F1_Old_FACE.csv,1.4,3,4
1252,EDG11F1_Hurt_FACE.csv,8.166666666666666,24,1
1253,EDG11F1_Guilty_FACE.csv,26.3,54,15
1254,EDG11F1_Disappointment_FACE.csv,53.3,97,23
1255,EDG11F1_Dislike_FACE.csv,4.0,7,7
1256,EDG11F1_Time_FACE.csv,5.966666666666667,16,10
1257,EDG09M1_Hate_FACE.csv,22.3,34,13
1258,EDG09M1_Hurt_FACE.csv,33.7,56,28
1259,EDG09M1_Dislike_FACE.csv,2.1666666666666665,2,2
1260,EDG09M1_Fantasy_FACE.csv,8.866666666666667,13,8
1261,EDG09M1_Guilty_FACE.csv,11.466666666666667,16,7
1262,EDG09M1_Proud_FACE.csv,8.266666666666667,5,4
1263,EDG09M1_Time_FACE.csv,4.266666666666667,5,5
1264,EDG09M1_Disappointment_FACE.csv,7.733333333333333,12,4
1265,EDG09M1_Old_FACE.csv,2.1333333333333333,6,1
1266,EDG09M1_Hometown_FACE.csv,1.2333333333333334,0,1
1267,AGN44M1_Dislike_FACE.csv,6.2,8,5
1268,AGN44M1_Hate_FACE.csv,8.766666666666667,11,7
1269,AGN44M1_Hurt_FACE.csv,15.466666666666667,29,20
1270,AGN44M1_Proud_FACE.csv,7.766666666666667,15,3
1271,AGN44M1_Hometown_FACE.csv,2.1666666666666665,6,3
1272,AGN44M1_Guilty_FACE.csv,33.03333333333333,54,24
1273,AGN44M1_Fantasy_FACE.csv,16.733333333333334,29,10
1274,AGN44M1_Old_FACE.csv,1.4333333333333333,0,1
1275,AGN44M1_Disappointment_FACE.csv,19.0,29,22
1276,AGN44M1_Time_FACE.csv,4.666666666666667,9,5
1277,RAW16M1_Disappointment_FACE.csv,13.0,26,2
1278,RAW16M1_Guilty_FACE.csv,31.033333333333335,68,11
1279,RAW16M1_Fantasy_FACE.csv,6.266666666666667,15,1
1280,RAW16M1_Hometown_FACE.csv,2.2333333333333334,3,0
1281,RAW16M1_Time_FACE.csv,6.566666666666666,9,3
1282,RAW16M1_Hurt_FACE.csv,14.166666666666666,30,3
1283,RAW16M1_Hate_FACE.csv,10.6,15,3
1284,RAW16M1_Old_FACE.csv,1.1666666666666667,1,0
1285,RAW16M1_Dislike_FACE.csv,6.966666666666667,17,5
1286,RAW16M1_Proud_FACE.csv,7.433333333333334,14,5
1287,AGN52M1_Guilty_FACE.csv,33.166666666666664,47,16
1288,AGN52M1_Hurt_FACE.csv,32.43333333333333,70,21
1289,AGN52M1_Old_FACE.csv,0.8666666666666667,1,0
1290,AGN52M1_Hometown_FACE.csv,1.7666666666666666,3,0
1291,AGN52M1_Proud_FACE.csv,29.566666666666666,45,15
1292,AGN52M1_Disappointment_FACE.csv,41.0,63,15
1293,AGN52M1_Hate_FACE.csv,31.766666666666666,56,14
1294,AGN52M1_Time_FACE.csv,8.1,10,2
1295,AGN52M1_Dislike_FACE.csv,15.3,20,11
1296,AGN52M1_Fantasy_FACE.csv,33.13333333333333,59,24
1297,AGN47F0_Dislike_FACE.csv,6.933333333333334,4,0
1298,AGN47F0_Disappointment_FACE.csv,32.5,44,20
1299,AGN47F0_Time_FACE.csv,8.466666666666667,10,0
1300,AGN47F0_Hate_FACE.csv,7.966666666666667,10,2
1301,AGN47F0_Guilty_FACE.csv,21.633333333333333,28,8
1302,AGN47F0_Fantasy_FACE.csv,4.333333333333333,3,1
1303,AGN47F0_Old_FACE.csv,1.4,1,0
1304,AGN47F0_Hometown_FACE.csv,2.2,5,0
1305,AGN47F0_Hurt_FACE.csv,25.3,35,6
1306,AGN47F0_Proud_FACE.csv,13.366666666666667,25,3
1307,RAW20F0_Hurt_FACE.csv,17.333333333333332,27,1
1308,RAW20F0_Dislike_FACE.csv,10.933333333333334,7,0
1309,RAW20F0_Guilty_FACE.csv,11.633333333333333,14,6
1310,RAW20F0_Disappointment_FACE.csv,7.9,10,5
1311,RAW20F0_Hometown_FACE.csv,2.1666666666666665,0,1
1312,RAW20F0_Time_FACE.csv,11.133333333333333,16,4
1313,RAW20F0_Proud_FACE.csv,14.766666666666667,20,14
1314,RAW20F0_Fantasy_FACE.csv,6.7,2,2
1315,RAW20F0_Old_FACE.csv,1.2666666666666666,1,0
1316,RAW20F0_Hate_FACE.csv,11.9,16,5
1317,AGN55M1_Hate_FACE.csv,7.4,12,5
1318,AGN55M1_Old_FACE.csv,0.8333333333333334,0,0
1319,AGN55M1_Proud_FACE.csv,8.6,21,5
1320,AGN55M1_Time_FACE.csv,10.066666666666666,24,7
1321,AGN55M1_Disappointment_FACE.csv,13.933333333333334,40,12
1322,AGN55M1_Guilty_FACE.csv,12.7,31,8
1323,AGN55M1_Fantasy_FACE.csv,14.633333333333333,43,30
1324,AGN55M1_Hometown_FACE.csv,1.6,2,1
1325,AGN55M1_Dislike_FACE.csv,2.966666666666667,0,3
1326,AGN55M1_Hurt_FACE.csv,17.233333333333334,36,15
1327,RAW11M1_Time_FACE.csv,16.0,26,4
1328,RAW11M1_Disappointment_FACE.csv,32.5,36,46
1329,RAW11M1_Hate_FACE.csv,25.933333333333334,28,12
1330,RAW11M1_Old_FACE.csv,1.9333333333333333,2,1
1331,RAW11M1_Hometown_FACE.csv,2.7,4,3
1332,RAW11M1_Guilty_FACE.csv,20.833333333333332,34,12
1333,RAW11M1_Proud_FACE.csv,11.166666666666666,23,2
1334,RAW11M1_Dislike_FACE.csv,21.133333333333333,45,14
1335,RAW11M1_Fantasy_FACE.csv,14.166666666666666,37,19
1336,RAW11M1_Hurt_FACE.csv,24.2,38,80
1337,AGN32F0_Hate_FACE.csv,131.66666666666666,242,158
1338,AGN32F0_Dislike_FACE.csv,61.166666666666664,80,43
1339,AGN32F0_Guilty_FACE.csv,278.6333333333333,453,308
1340,AGN32F0_Hurt_FACE.csv,182.03333333333333,268,150
1341,AGN32F0_Disappointment_FACE.csv,192.26666666666668,275,183
1342,AGN32F0_Time_FACE.csv,56.53333333333333,90,46
1343,AGN32F0_Fantasy_FACE.csv,4.333333333333333,6,0
1344,AGN32F0_Hometown_FACE.csv,2.9,4,0
1345,AGN32F0_Old_FACE.csv,2.3,0,0
1346,AGN32F0_Proud_FACE.csv,34.233333333333334,55,27
1347,EDG17F1_Disappointment_FACE.csv,4.466666666666667,10,6
1348,EDG17F1_Guilty_FACE.csv,16.466666666666665,29,17
1349,EDG17F1_Dislike_FACE.csv,6.733333333333333,17,5
1350,EDG17F1_Hurt_FACE.csv,12.3,25,11
1351,EDG17F1_Old_FACE.csv,1.3666666666666667,2,0
1352,EDG17F1_Hate_FACE.csv,3.6666666666666665,3,2
1353,EDG17F1_Hometown_FACE.csv,2.1,4,1
1354,EDG17F1_Time_FACE.csv,5.866666666666666,14,8
1355,EDG17F1_Proud_FACE.csv,5.233333333333333,6,4
1356,EDG17F1_Fantasy_FACE.csv,5.566666666666666,13,7
1357,EDG18F0_Dislike_FACE.csv,10.5,20,17
1358,EDG18F0_Hurt_FACE.csv,34.333333333333336,69,51
1359,EDG18F0_Time_FACE.csv,12.366666666666667,15,8
1360,EDG18F0_Fantasy_FACE.csv,41.733333333333334,83,51
1361,EDG18F0_Hometown_FACE.csv,1.7666666666666666,2,0
1362,EDG18F0_Hate_FACE.csv,14.966666666666667,28,8
1363,EDG18F0_Proud_FACE.csv,10.9,13,7
1364,EDG18F0_Old_FACE.csv,1.0333333333333334,1,0
1365,EDG18F0_Guilty_FACE.csv,30.1,61,26
1366,EDG18F0_Disappointment_FACE.csv,7.0,9,0
1367,EDG03F1_Dislike_FACE.csv,60.4,128,25
1368,EDG03F1_Old_FACE.csv,1.5,3,0
1369,EDG03F1_Guilty_FACE.csv,87.83333333333333,133,31
1370,EDG03F1_Hometown_FACE.csv,1.6333333333333333,4,0
1371,EDG03F1_Time_FACE.csv,17.033333333333335,35,6
1372,EDG03F1_Hate_FACE.csv,64.53333333333333,127,6
1373,EDG03F1_Disappointment_FACE.csv,25.633333333333333,38,4
1374,EDG03F1_Proud_FACE.csv,47.56666666666667,92,18
1375,EDG03F1_Hurt_FACE.csv,39.666666666666664,64,10
1376,EDG03F1_Fantasy_FACE.csv,44.56666666666667,79,17
1377,RAW33F1_Fantasy_FACE.csv,15.1,37,26
1378,RAW33F1_Hometown_FACE.csv,2.8333333333333335,3,2
1379,RAW33F1_Hurt_FACE.csv,4.333333333333333,9,6
1380,RAW33F1_Hate_FACE.csv,11.233333333333333,19,17
1381,RAW33F1_Old_FACE.csv,1.3666666666666667,2,2
1382,RAW33F1_Time_FACE.csv,9.933333333333334,15,17
1383,RAW33F1_Dislike_FACE.csv,10.066666666666666,24,19
1384,RAW33F1_Guilty_FACE.csv,14.4,28,26
1385,RAW33F1_Disappointment_FACE.csv,15.366666666666667,28,21
1386,RAW33F1_Proud_FACE.csv,10.933333333333334,20,12
1387,AGN50F0_Proud_FACE.csv,13.666666666666666,24,11
1388,AGN50F0_Dislike_FACE.csv,7.066666666666666,17,9
1389,AGN50F0_Hometown_FACE.csv,2.966666666666667,2,2
1390,AGN50F0_Time_FACE.csv,11.033333333333333,23,11
1391,AGN50F0_Fantasy_FACE.csv,19.033333333333335,55,39
1392,AGN50F0_Guilty_FACE.csv,17.3,35,22
1393,AGN50F0_Disappointment_FACE.csv,12.666666666666666,18,12
1394,AGN50F0_Old_FACE.csv,1.7666666666666666,2,0
1395,AGN50F0_Hate_FACE.csv,13.666666666666666,27,14
1396,AGN50F0_Hurt_FACE.csv,11.433333333333334,23,11
1397,AGN34M1_Proud_FACE.csv,8.866666666666667,8,4
1398,AGN34M1_Fantasy_FACE.csv,6.4,8,2
1399,AGN34M1_Old_FACE.csv,1.1,0,0
1400,AGN34M1_Hurt_FACE.csv,19.0,25,10
1401,AGN34M1_Dislike_FACE.csv,2.533333333333333,2,1
1402,AGN34M1_Disappointment_FACE.csv,11.3,5,0
1403,AGN34M1_Hate_FACE.csv,5.633333333333334,7,0
1404,AGN34M1_Time_FACE.csv,2.2666666666666666,3,3
1405,AGN34M1_Hometown_FACE.csv,1.8333333333333333,3,0
1406,AGN34M1_Guilty_FACE.csv,13.2,22,15
1407,EDG25F1_Guilty_FACE.csv,15.8,4,1
1408,EDG25F1_Time_FACE.csv,8.3,11,1
1409,EDG25F1_Disappointment_FACE.csv,12.2,8,1
1410,EDG25F1_Hometown_FACE.csv,3.566666666666667,4,2
1411,EDG25F1_Proud_FACE.csv,12.933333333333334,20,4
1412,EDG25F1_Hate_FACE.csv,15.166666666666666,17,3
1413,EDG25F1_Fantasy_FACE.csv,4.166666666666667,6,1
1414,EDG25F1_Dislike_FACE.csv,12.666666666666666,17,4
1415,EDG25F1_Old_FACE.csv,1.0666666666666667,1,0
1416,EDG25F1_Hurt_FACE.csv,14.733333333333333,16,3
1417,RAW05M0_Hurt_FACE.csv,21.333333333333332,50,12
1418,RAW05M0_Proud_FACE.csv,13.1,26,11
1419,RAW05M0_Fantasy_FACE.csv,19.2,41,28
1420,RAW05M0_Time_FACE.csv,14.3,25,13
1421,RAW05M0_Hometown_FACE.csv,1.7,4,2
1422,RAW05M0_Dislike_FACE.csv,13.9,28,13
1423,RAW05M0_Old_FACE.csv,1.1,2,0
1424,RAW05M0_Guilty_FACE.csv,36.833333333333336,62,10
1425,RAW05M0_Disappointment_FACE.csv,18.833333333333332,38,21
1426,RAW05M0_Hate_FACE.csv,15.8,37,4
1427,RAW10F0_Old_FACE.csv,1.0666666666666667,0,0
1428,RAW10F0_Hurt_FACE.csv,18.9,40,27
1429,RAW10F0_Hate_FACE.csv,20.9,28,33
1430,RAW10F0_Fantasy_FACE.csv,9.466666666666667,18,8
1431,RAW10F0_Guilty_FACE.csv,32.53333333333333,77,59
1432,RAW10F0_Proud_FACE.csv,27.433333333333334,56,42
1433,RAW10F0_Disappointment_FACE.csv,13.6,29,18
1434,RAW10F0_Dislike_FACE.csv,5.166666666666667,10,7
1435,RAW10F0_Time_FACE.csv,21.1,44,33
1436,RAW10F0_Hometown_FACE.csv,1.1666666666666667,2,0
1437,RAW30M1_Time_FACE.csv,1.6,3,0
1438,RAW30M1_Fantasy_FACE.csv,6.766666666666667,8,5
1439,RAW30M1_Old_FACE.csv,1.3,0,2
1440,RAW30M1_Disappointment_FACE.csv,11.9,23,4
1441,RAW30M1_Guilty_FACE.csv,12.2,16,11
1442,RAW30M1_Hurt_FACE.csv,27.133333333333333,51,17
1443,RAW30M1_Hate_FACE.csv,12.0,21,10
1444,RAW30M1_Dislike_FACE.csv,22.1,44,28
1445,RAW30M1_Hometown_FACE.csv,2.1,4,2
1446,RAW30M1_Proud_FACE.csv,6.6,13,4
1447,EDG15F0_Dislike_FACE.csv,2.2,4,2
1448,EDG15F0_Disappointment_FACE.csv,3.6333333333333333,9,2
1449,EDG15F0_Fantasy_FACE.csv,5.933333333333334,12,1
1450,EDG15F0_Time_FACE.csv,4.6,5,3
1451,EDG15F0_Hurt_FACE.csv,4.833333333333333,4,0
1452,EDG15F0_Proud_FACE.csv,10.066666666666666,12,3
1453,EDG15F0_Old_FACE.csv,1.5666666666666667,4,1
1454,EDG15F0_Hate_FACE.csv,3.6333333333333333,4,5
1455,EDG15F0_Hometown_FACE.csv,1.7333333333333334,2,0
1456,EDG15F0_Guilty_FACE.csv,8.133333333333333,15,3
1457,RAW03F0_Guilty_FACE.csv,27.0,54,19
1458,RAW03F0_Proud_FACE.csv,15.133333333333333,22,9
1459,RAW03F0_Hometown_FACE.csv,1.8,0,0
1460,RAW03F0_Time_FACE.csv,9.866666666666667,26,10
1461,RAW03F0_Old_FACE.csv,1.4,3,0
1462,RAW03F0_Disappointment_FACE.csv,9.666666666666666,24,8
1463,RAW03F0_Fantasy_FACE.csv,11.566666666666666,16,14
1464,RAW03F0_Hurt_FACE.csv,12.133333333333333,35,10
1465,RAW03F0_Dislike_FACE.csv,13.466666666666667,27,4
1466,RAW03F0_Hate_FACE.csv,8.133333333333333,18,4
1467,RAW38M0_Disappointment_FACE.csv,31.0,75,21
1468,RAW38M0_Proud_FACE.csv,9.8,24,10
1469,RAW38M0_Time_FACE.csv,7.9,14,6
1470,RAW38M0_Guilty_FACE.csv,17.466666666666665,43,23
1471,RAW38M0_Dislike_FACE.csv,8.433333333333334,15,12
1472,RAW38M0_Old_FACE.csv,1.2,1,1
1473,RAW38M0_Hurt_FACE.csv,20.3,47,28
1474,RAW38M0_Fantasy_FACE.csv,7.3,17,5
1475,RAW38M0_Hometown_FACE.csv,1.9333333333333333,4,0
1476,RAW38M0_Hate_FACE.csv,31.633333333333333,72,27
1477,EDG12F0_Hurt_FACE.csv,26.833333333333332,57,27
1478,EDG12F0_Disappointment_FACE.csv,66.13333333333334,129,62
1479,EDG12F0_Proud_FACE.csv,25.9,65,30
1480,EDG12F0_Fantasy_FACE.csv,29.633333333333333,75,29
1481,EDG12F0_Hometown_FACE.csv,2.4,4,4
1482,EDG12F0_Time_FACE.csv,12.933333333333334,23,17
1483,EDG12F0_Guilty_FACE.csv,20.833333333333332,42,26
1484,EDG12F0_Dislike_FACE.csv,27.2,71,32
1485,EDG12F0_Hate_FACE.csv,27.4,67,36
1486,EDG12F0_Old_FACE.csv,1.5666666666666667,3,3
1487,RAW32F0_Time_FACE.csv,6.766666666666667,9,0
1488,RAW32F0_Disappointment_FACE.csv,11.466666666666667,17,3
1489,RAW32F0_Proud_FACE.csv,9.2,18,3
1490,RAW32F0_Hurt_FACE.csv,9.266666666666667,13,3
1491,RAW32F0_Old_FACE.csv,1.2,1,1
1492,RAW32F0_Hometown_FACE.csv,3.466666666666667,6,0
1493,RAW32F0_Guilty_FACE.csv,9.166666666666666,17,2
1494,RAW32F0_Dislike_FACE.csv,2.933333333333333,6,0
1495,RAW32F0_Hate_FACE.csv,11.866666666666667,13,7
1496,RAW32F0_Fantasy_FACE.csv,4.666666666666667,5,1
1497,EDG07F0_Hurt_FACE.csv,29.9,55,15
1498,EDG07F0_Old_FACE.csv,0.9666666666666667,2,0
1499,EDG07F0_Proud_FACE.csv,15.933333333333334,24,2
1500,EDG07F0_Dislike_FACE.csv,9.6,19,2
1501,EDG07F0_Hometown_FACE.csv,1.9333333333333333,4,0
1502,EDG07F0_Fantasy_FACE.csv,20.966666666666665,31,15
1503,EDG07F0_Disappointment_FACE.csv,38.666666666666664,76,11
1504,EDG07F0_Time_FACE.csv,17.233333333333334,38,7
1505,EDG07F0_Guilty_FACE.csv,42.03333333333333,78,30
1506,EDG07F0_Hate_FACE.csv,36.1,66,8
1507,AGN60F1_Hometown_FACE.csv,2.7,0,0
1508,AGN60F1_Hurt_FACE.csv,2.7,3,3
1509,AGN60F1_Time_FACE.csv,5.5,8,4
1510,AGN60F1_Old_FACE.csv,1.3,2,0
1511,AGN60F1_Hate_FACE.csv,5.533333333333333,11,2
1512,AGN60F1_Dislike_FACE.csv,10.8,14,23
1513,AGN60F1_Fantasy_FACE.csv,2.066666666666667,3,4
1514,AGN60F1_Guilty_FACE.csv,10.833333333333334,13,4
1515,AGN60F1_Disappointment_FACE.csv,2.566666666666667,0,0
1516,AGN60F1_Proud_FACE.csv,2.8,4,0
1517,RAW42F1_Hurt_FACE.csv,21.433333333333334,42,18
1518,RAW42F1_Hometown_FACE.csv,1.6333333333333333,2,1
1519,RAW42F1_Guilty_FACE.csv,20.366666666666667,41,14
1520,RAW42F1_Hate_FACE.csv,18.033333333333335,43,10
1521,RAW42F1_Disappointment_FACE.csv,32.96666666666667,73,25
1522,RAW42F1_Fantasy_FACE.csv,14.366666666666667,33,13
1523,RAW42F1_Old_FACE.csv,1.5,2,1
1524,RAW42F1_Time_FACE.csv,15.033333333333333,38,9
1525,RAW42F1_Dislike_FACE.csv,9.933333333333334,26,9
1526,RAW42F1_Proud_FACE.csv,24.7,60,21
1527,EDG31F1_Hurt_FACE.csv,29.933333333333334,33,13
1528,EDG31F1_Hometown_FACE.csv,1.0666666666666667,1,0
1529,EDG31F1_Old_FACE.csv,0.7333333333333333,1,0
1530,EDG31F1_Proud_FACE.csv,7.533333333333333,15,7
1531,EDG31F1_Guilty_FACE.csv,23.433333333333334,30,9
1532,EDG31F1_Time_FACE.csv,3.7,7,3
1533,EDG31F1_Dislike_FACE.csv,9.066666666666666,14,8
1534,EDG31F1_Disappointment_FACE.csv,20.2,31,9
1535,EDG31F1_Fantasy_FACE.csv,13.7,30,20
1536,EDG31F1_Hate_FACE.csv,5.766666666666667,10,8
1537,AGN18F0_Time_FACE.csv,13.633333333333333,24,10
1538,AGN18F0_Disappointment_FACE.csv,5.9,7,3
1539,AGN18F0_Old_FACE.csv,2.3666666666666667,1,0
1540,AGN18F0_Proud_FACE.csv,9.233333333333333,20,8
1541,AGN18F0_Hometown_FACE.csv,2.6666666666666665,3,1
1542,AGN18F0_Guilty_FACE.csv,1.7,3,1
1543,AGN18F0_Fantasy_FACE.csv,2.8,6,5
1544,AGN18F0_Hate_FACE.csv,4.033333333333333,6,1
1545,AGN18F0_Dislike_FACE.csv,2.7,3,0
1546,AGN18F0_Hurt_FACE.csv,12.4,4,5
1547,EDG16M0_Hurt_FACE.csv,12.6,11,0
1548,EDG16M0_Disappointment_FACE.csv,13.5,11,2
1549,EDG16M0_Guilty_FACE.csv,7.966666666666667,13,3
1550,EDG16M0_Fantasy_FACE.csv,5.8,2,0
1551,EDG16M0_Old_FACE.csv,1.4333333333333333,3,0
1552,EDG16M0_Proud_FACE.csv,10.933333333333334,5,2
1553,EDG16M0_Time_FACE.csv,3.033333333333333,1,0
1554,EDG16M0_Hate_FACE.csv,6.7,12,6
1555,EDG16M0_Hometown_FACE.csv,1.5666666666666667,1,1
1556,EDG16M0_Dislike_FACE.csv,14.166666666666666,19,1
1557,AGN46M0_Old_FACE.csv,1.7333333333333334,3,0
1558,AGN46M0_Hometown_FACE.csv,8.666666666666666,14,1
1559,AGN46M0_Disappointment_FACE.csv,9.1,13,2
1560,AGN46M0_Hate_FACE.csv,19.033333333333335,34,3
1561,AGN46M0_Hurt_FACE.csv,27.7,64,9
1562,AGN46M0_Proud_FACE.csv,16.0,35,3
1563,AGN46M0_Time_FACE.csv,15.466666666666667,33,10
1564,AGN46M0_Dislike_FACE.csv,16.666666666666668,25,0
1565,AGN46M0_Fantasy_FACE.csv,21.933333333333334,39,2
1566,AGN46M0_Guilty_FACE.csv,25.2,39,12
1567,AGN56F0_Dislike_FACE.csv,2.966666666666667,6,1
1568,AGN56F0_Time_FACE.csv,2.066666666666667,2,0
1569,AGN56F0_Old_FACE.csv,1.5666666666666667,4,0
1570,AGN56F0_Hometown_FACE.csv,2.466666666666667,5,0
1571,AGN56F0_Disappointment_FACE.csv,3.6,4,0
1572,AGN56F0_Hate_FACE.csv,8.433333333333334,9,2
1573,AGN56F0_Proud_FACE.csv,3.533333333333333,5,0
1574,AGN56F0_Fantasy_FACE.csv,24.0,32,11
1575,AGN56F0_Hurt_FACE.csv,9.533333333333333,14,4
1576,AGN56F0_Guilty_FACE.csv,3.533333333333333,4,0
1577,AGN62F1_Hate_FACE.csv,22.466666666666665,40,17
1578,AGN62F1_Hometown_FACE.csv,3.8666666666666667,3,7
1579,AGN62F1_Fantasy_FACE.csv,23.4,47,25
1580,AGN62F1_Old_FACE.csv,1.9333333333333333,2,0
1581,AGN62F1_Hurt_FACE.csv,22.533333333333335,38,11
1582,AGN62F1_Guilty_FACE.csv,25.9,37,27
1583,AGN62F1_Dislike_FACE.csv,19.233333333333334,34,21
1584,AGN62F1_Time_FACE.csv,14.366666666666667,28,12
1585,AGN62F1_Disappointment_FACE.csv,22.6,45,23
1586,AGN62F1_Proud_FACE.csv,21.9,36,30
1587,EDG08M1_Guilty_FACE.csv,11.8,20,6
1588,EDG08M1_Disappointment_FACE.csv,3.433333333333333,6,0
1589,EDG08M1_Hate_FACE.csv,34.833333333333336,76,18
1590,EDG08M1_Time_FACE.csv,12.266666666666667,27,5
1591,EDG08M1_Dislike_FACE.csv,4.766666666666667,8,2
1592,EDG08M1_Fantasy_FACE.csv,7.033333333333333,11,6
1593,EDG08M1_Old_FACE.csv,0.9333333333333333,1,0
1594,EDG08M1_Hurt_FACE.csv,10.666666666666666,25,3
1595,EDG08M1_Proud_FACE.csv,26.9,60,11
1596,EDG08M1_Hometown_FACE.csv,2.3666666666666667,7,0
1597,AGN63F1_Fantasy_FACE.csv,24.433333333333334,43,17
1598,AGN63F1_Hurt_FACE.csv,29.2,49,25
1599,AGN63F1_Proud_FACE.csv,36.63333333333333,65,31
1600,AGN63F1_Guilty_FACE.csv,79.83333333333333,140,61
1601,AGN63F1_Hometown_FACE.csv,10.566666666666666,26,13
1602,AGN63F1_Dislike_FACE.csv,30.066666666666666,67,27
1603,AGN63F1_Hate_FACE.csv,20.233333333333334,31,11
1604,AGN63F1_Time_FACE.csv,16.0,38,16
1605,AGN63F1_Old_FACE.csv,1.9666666666666666,0,0
1606,AGN63F1_Disappointment_FACE.csv,25.166666666666668,51,19
1607,AGN25M1_Time_FACE.csv,9.5,17,8
1608,AGN25M1_Hometown_FACE.csv,1.5666666666666667,3,2
1609,AGN25M1_Disappointment_FACE.csv,27.733333333333334,58,27
1610,AGN25M1_Hate_FACE.csv,14.5,19,8
1611,AGN25M1_Guilty_FACE.csv,13.0,28,8
1612,AGN25M1_Old_FACE.csv,1.5666666666666667,0,0
1613,AGN25M1_Dislike_FACE.csv,8.266666666666667,16,6
1614,AGN25M1_Proud_FACE.csv,9.3,20,3
1615,AGN25M1_Hurt_FACE.csv,12.7,16,7
1616,AGN25M1_Fantasy_FACE.csv,16.2,25,8
1617,RAW39F1_Guilty_FACE.csv,36.53333333333333,59,22
1618,RAW39F1_Dislike_FACE.csv,31.733333333333334,62,25
1619,RAW39F1_Old_FACE.csv,0.7,0,1
1620,RAW39F1_Fantasy_FACE.csv,27.166666666666668,42,13
1621,RAW39F1_Hurt_FACE.csv,59.63333333333333,97,39
1622,RAW39F1_Hometown_FACE.csv,5.066666666666666,3,2
1623,RAW39F1_Hate_FACE.csv,3.933333333333333,8,5
1624,RAW39F1_Disappointment_FACE.csv,20.533333333333335,34,16
1625,RAW39F1_Time_FACE.csv,29.233333333333334,55,24
1626,RAW39F1_Proud_FACE.csv,46.96666666666667,56,23
1627,RAW17M0_Hate_FACE.csv,13.1,20,0
1628,RAW17M0_Proud_FACE.csv,19.0,37,8
1629,RAW17M0_Guilty_FACE.csv,22.9,55,7
1630,RAW17M0_Disappointment_FACE.csv,34.6,50,7
1631,RAW17M0_Dislike_FACE.csv,8.733333333333333,11,0
1632,RAW17M0_Hurt_FACE.csv,16.666666666666668,21,9
1633,RAW17M0_Old_FACE.csv,3.2333333333333334,6,1
1634,RAW17M0_Time_FACE.csv,27.0,47,20
1635,RAW17M0_Fantasy_FACE.csv,32.1,44,8
1636,RAW17M0_Hometown_FACE.csv,16.7,21,6
1637,RAW07M0_Disappointment_FACE.csv,15.6,26,7
1638,RAW07M0_Hurt_FACE.csv,34.266666666666666,45,19
1639,RAW07M0_Time_FACE.csv,25.666666666666668,40,6
1640,RAW07M0_Guilty_FACE.csv,41.7,54,23
1641,RAW07M0_Hometown_FACE.csv,13.966666666666667,22,11
1642,RAW07M0_Proud_FACE.csv,20.0,32,7
1643,RAW07M0_Hate_FACE.csv,15.433333333333334,21,12
1644,RAW07M0_Dislike_FACE.csv,11.733333333333333,22,5
1645,RAW07M0_Old_FACE.csv,2.066666666666667,3,3
1646,RAW07M0_Fantasy_FACE.csv,22.166666666666668,31,19
1647,AGN26M1_Guilty_FACE.csv,7.833333333333333,9,1
1648,AGN26M1_Disappointment_FACE.csv,2.2333333333333334,3,0
1649,AGN26M1_Time_FACE.csv,4.733333333333333,12,0
1650,AGN26M1_Old_FACE.csv,0.9,1,0
1651,AGN26M1_Hometown_FACE.csv,2.2333333333333334,3,2
1652,AGN26M1_Proud_FACE.csv,9.066666666666666,17,6
1653,AGN26M1_Hurt_FACE.csv,9.233333333333333,19,6
1654,AGN26M1_Fantasy_FACE.csv,2.9,7,2
1655,AGN26M1_Dislike_FACE.csv,5.266666666666667,12,2
1656,AGN26M1_Hate_FACE.csv,11.7,24,0
1657,AGN59M1_Dislike_FACE.csv,2.1333333333333333,0,1
1658,AGN59M1_Hate_FACE.csv,12.7,8,5
1659,AGN59M1_Hurt_FACE.csv,26.0,23,6
1660,AGN59M1_Proud_FACE.csv,15.2,18,3
1661,AGN59M1_Old_FACE.csv,1.2333333333333334,2,0
1662,AGN59M1_Time_FACE.csv,15.866666666666667,23,3
1663,AGN59M1_Guilty_FACE.csv,38.63333333333333,39,13
1664,AGN59M1_Hometown_FACE.csv,1.4666666666666666,2,0
1665,AGN59M1_Disappointment_FACE.csv,22.466666666666665,24,8
1666,AGN59M1_Fantasy_FACE.csv,8.533333333333333,9,4
1667,RAW34M1_Proud_FACE.csv,10.5,2,1
1668,RAW34M1_Old_FACE.csv,0.8666666666666667,0,0
1669,RAW34M1_Guilty_FACE.csv,21.0,28,55
1670,RAW34M1_Time_FACE.csv,7.266666666666667,7,2
1671,RAW34M1_Hurt_FACE.csv,19.966666666666665,17,7
1672,RAW34M1_Dislike_FACE.csv,4.066666666666666,4,3
1673,RAW34M1_Disappointment_FACE.csv,18.866666666666667,22,11
1674,RAW34M1_Fantasy_FACE.csv,5.166666666666667,8,2
1675,RAW34M1_Hometown_FACE.csv,1.1,1,1
1676,RAW34M1_Hate_FACE.csv,10.033333333333333,8,1
1677,AGN42F1_Hometown_FACE.csv,1.1666666666666667,1,1
1678,AGN42F1_Time_FACE.csv,10.533333333333333,28,17
1679,AGN42F1_Proud_FACE.csv,11.966666666666667,21,5
1680,AGN42F1_Guilty_FACE.csv,17.433333333333334,31,28
1681,AGN42F1_Dislike_FACE.csv,9.9,19,7
1682,AGN42F1_Fantasy_FACE.csv,8.766666666666667,15,7
1683,AGN42F1_Old_FACE.csv,1.0,2,1
1684,AGN42F1_Hate_FACE.csv,14.166666666666666,40,16
1685,AGN42F1_Hurt_FACE.csv,17.7,36,13
1686,AGN42F1_Disappointment_FACE.csv,12.966666666666667,27,11
1687,AGN28M0_Fantasy_FACE.csv,4.966666666666667,8,0
1688,AGN28M0_Disappointment_FACE.csv,9.866666666666667,17,3
1689,AGN28M0_Time_FACE.csv,4.666666666666667,8,2
1690,AGN28M0_Hometown_FACE.csv,2.933333333333333,4,0
1691,AGN28M0_Proud_FACE.csv,3.466666666666667,5,1
1692,AGN28M0_Dislike_FACE.csv,0.8,1,0
1693,AGN28M0_Guilty_FACE.csv,5.166666666666667,8,0
1694,AGN28M0_Hurt_FACE.csv,4.533333333333333,4,0
1695,AGN28M0_Old_FACE.csv,1.4,2,0
1696,AGN28M0_Hate_FACE.csv,4.866666666666666,5,0
1697,AGN45F1_Proud_FACE.csv,92.5,182,129
1698,AGN45F1_Fantasy_FACE.csv,64.4,153,120
1699,AGN45F1_Dislike_FACE.csv,59.0,114,94
1700,AGN45F1_Time_FACE.csv,15.3,32,13
1701,AGN45F1_Guilty_FACE.csv,39.166666666666664,71,60
1702,AGN45F1_Hometown_FACE.csv,1.7666666666666666,3,1
1703,AGN45F1_Old_FACE.csv,1.7666666666666666,0,1
1704,AGN45F1_Hurt_FACE.csv,249.83333333333334,534,443
1705,AGN45F1_Hate_FACE.csv,53.233333333333334,111,78
1706,AGN45F1_Disappointment_FACE.csv,103.0,203,149
1707,EDG19F1_Hurt_FACE.csv,6.4,14,1
1708,EDG19F1_Proud_FACE.csv,30.866666666666667,43,16
1709,EDG19F1_Dislike_FACE.csv,11.4,20,10
1710,EDG19F1_Disappointment_FACE.csv,22.966666666666665,35,12
1711,EDG19F1_Hate_FACE.csv,60.733333333333334,93,47
1712,EDG19F1_Time_FACE.csv,9.1,16,2
1713,EDG19F1_Old_FACE.csv,2.033333333333333,5,1
1714,EDG19F1_Guilty_FACE.csv,32.86666666666667,49,26
1715,EDG19F1_Fantasy_FACE.csv,14.0,27,12
1716,EDG19F1_Hometown_FACE.csv,3.066666666666667,3,2
1717,AGN21F1_Disappointment_FACE.csv,4.633333333333334,5,0
1718,AGN21F1_Proud_FACE.csv,3.1333333333333333,9,0
1719,AGN21F1_Old_FACE.csv,1.5666666666666667,3,0
1720,AGN21F1_Hate_FACE.csv,2.8666666666666667,6,0
1721,AGN21F1_Hometown_FACE.csv,2.033333333333333,3,0
1722,AGN21F1_Hurt_FACE.csv,5.766666666666667,15,0
1723,AGN21F1_Dislike_FACE.csv,2.966666666666667,8,0
1724,AGN21F1_Guilty_FACE.csv,5.466666666666667,11,0
1725,AGN21F1_Time_FACE.csv,3.2,6,0
1726,AGN21F1_Fantasy_FACE.csv,4.866666666666666,6,0
1727,AGN24M0_Disappointment_FACE.csv,30.333333333333332,49,5
1728,AGN24M0_Hate_FACE.csv,21.366666666666667,49,6
1729,AGN24M0_Time_FACE.csv,23.866666666666667,31,18
1730,AGN24M0_Proud_FACE.csv,25.033333333333335,39,8
1731,AGN24M0_Guilty_FACE.csv,46.1,65,10
1732,AGN24M0_Dislike_FACE.csv,25.166666666666668,43,16
1733,AGN24M0_Old_FACE.csv,1.4,2,0
1734,AGN24M0_Fantasy_FACE.csv,56.2,87,23
1735,AGN24M0_Hurt_FACE.csv,48.8,74,19
1736,AGN24M0_Hometown_FACE.csv,2.2333333333333334,6,0
1737,RAW04M1_Old_FACE.csv,1.4333333333333333,1,0
1738,RAW04M1_Dislike_FACE.csv,6.2,9,4
1739,RAW04M1_Hometown_FACE.csv,2.3666666666666667,5,1
1740,RAW04M1_Disappointment_FACE.csv,17.633333333333333,19,15
1741,RAW04M1_Time_FACE.csv,13.366666666666667,17,10
1742,RAW04M1_Proud_FACE.csv,13.766666666666667,17,6
1743,RAW04M1_Fantasy_FACE.csv,8.666666666666666,13,4
1744,RAW04M1_Hate_FACE.csv,7.4,16,0
1745,RAW04M1_Guilty_FACE.csv,16.866666666666667,33,7
1746,RAW04M1_Hurt_FACE.csv,7.466666666666667,7,3
1747,EDG35M0_Time_FACE.csv,2.966666666666667,5,0
1748,EDG35M0_Dislike_FACE.csv,5.266666666666667,9,0
1749,EDG35M0_Guilty_FACE.csv,18.633333333333333,18,1
1750,EDG35M0_Disappointment_FACE.csv,8.266666666666667,15,2
1751,EDG35M0_Old_FACE.csv,1.4333333333333333,2,0
1752,EDG35M0_Proud_FACE.csv,8.133333333333333,5,0
1753,EDG35M0_Hurt_FACE.csv,7.133333333333334,9,0
1754,EDG35M0_Hometown_FACE.csv,2.533333333333333,6,0
1755,EDG35M0_Hate_FACE.csv,6.566666666666666,9,4
1756,EDG35M0_Fantasy_FACE.csv,17.566666666666666,22,11
1757,EDG27M1_Disappointment_FACE.csv,11.466666666666667,22,10
1758,EDG27M1_Time_FACE.csv,11.633333333333333,30,2
1759,EDG27M1_Old_FACE.csv,0.9666666666666667,1,1
1760,EDG27M1_Fantasy_FACE.csv,3.4,4,4
1761,EDG27M1_Hometown_FACE.csv,1.0,2,0
1762,EDG27M1_Hate_FACE.csv,12.166666666666666,26,8
1763,EDG27M1_Dislike_FACE.csv,13.133333333333333,26,6
1764,EDG27M1_Proud_FACE.csv,17.233333333333334,34,25
1765,EDG27M1_Hurt_FACE.csv,18.433333333333334,30,11
1766,EDG27M1_Guilty_FACE.csv,21.9,50,21
1767,AGN35M1_Time_FACE.csv,4.733333333333333,10,3
1768,AGN35M1_Guilty_FACE.csv,4.4,8,0
1769,AGN35M1_Dislike_FACE.csv,2.7333333333333334,2,0
1770,AGN35M1_Hate_FACE.csv,13.266666666666667,21,6
1771,AGN35M1_Fantasy_FACE.csv,3.8,5,3
1772,AGN35M1_Hurt_FACE.csv,4.466666666666667,0,1
1773,AGN35M1_Disappointment_FACE.csv,2.2333333333333334,2,1
1774,AGN35M1_Hometown_FACE.csv,2.6333333333333333,4,1
1775,AGN35M1_Old_FACE.csv,1.6,2,0
1776,AGN35M1_Proud_FACE.csv,6.3,9,2
1777,EDG05M0_Disappointment_FACE.csv,11.733333333333333,15,5
1778,EDG05M0_Hurt_FACE.csv,11.866666666666667,15,5
1779,EDG05M0_Proud_FACE.csv,14.733333333333333,31,5
1780,EDG05M0_Guilty_FACE.csv,9.3,10,3
1781,EDG05M0_Fantasy_FACE.csv,17.033333333333335,14,4
1782,EDG05M0_Old_FACE.csv,1.7,4,0
1783,EDG05M0_Dislike_FACE.csv,2.033333333333333,4,0
1784,EDG05M0_Time_FACE.csv,13.533333333333333,18,0
1785,EDG05M0_Hometown_FACE.csv,3.566666666666667,6,0
1786,EDG05M0_Hate_FACE.csv,1.3666666666666667,2,0
1787,EDG01F1_Fantasy_FACE.csv,17.333333333333332,42,22
1788,EDG01F1_Guilty_FACE.csv,39.1,62,38
1789,EDG01F1_Old_FACE.csv,2.566666666666667,5,2
1790,EDG01F1_Hurt_FACE.csv,35.2,67,14
1791,EDG01F1_Dislike_FACE.csv,13.366666666666667,26,13
1792,EDG01F1_Hate_FACE.csv,31.533333333333335,63,33
1793,EDG01F1_Hometown_FACE.csv,3.566666666666667,7,0
1794,EDG01F1_Disappointment_FACE.csv,32.1,74,21
1795,EDG01F1_Time_FACE.csv,46.766666666666666,106,39
1796,EDG01F1_Proud_FACE.csv,19.9,45,17
1797,EDG29M0_Time_FACE.csv,8.966666666666667,14,16
1798,EDG29M0_Guilty_FACE.csv,21.4,24,11
1799,EDG29M0_Hate_FACE.csv,13.766666666666667,18,8
1800,EDG29M0_Hometown_FACE.csv,2.4,5,0
1801,EDG29M0_Dislike_FACE.csv,14.866666666666667,26,12
1802,EDG29M0_Fantasy_FACE.csv,16.833333333333332,34,20
1803,EDG29M0_Hurt_FACE.csv,11.966666666666667,20,5
1804,EDG29M0_Proud_FACE.csv,7.1,2,0
1805,EDG29M0_Old_FACE.csv,1.2666666666666666,1,0
1806,EDG29M0_Disappointment_FACE.csv,9.1,8,1
